code,name,exchange,listing_date
00001,CKH HOLDINGS,HKEX,
00002,CLP HOLDINGS,HKEX,
00003,HK & CHINA GAS,HKEX,
00004,WHARF HOLDINGS,HKEX,
00005,HSBC HOLDINGS,HKEX,
00006,POWER ASSETS,HKEX,
00007,WISDOM WEALTH,HKEX,
00008,PCCW,HKEX,
00010,HANG LUNG GROUP,HKEX,
00012,HENDERSON LAND,HKEX,
00013,HUTCHMED,HKEX,
00014,HYSAN DEV,HKEX,
00016,SHK PPT,HKEX,
00017,NEW WORLD DEV,HKEX,
00018,ORIENTAL E H,HKEX,
00019,SWIRE PACIFIC A,HKEX,
00020,SENSETIME-W,HKEX,
00021,GREAT CHI HLDGS,HKEX,
00022,MEXAN,HKEX,
00023,BANK OF E ASIA,HKEX,
00025,CHEVALIER INT'L,HKEX,
00026,CHINA MOTOR BUS,HKEX,
00027,GALAXY ENT,HKEX,
00028,TIAN AN,HKEX,
00029,DYNAMIC HOLD,HKEX,
00030,YNBY INTL,HKEX,
00031,CHINA AEROSPACE,HKEX,
00032,CROSS-HAR(HOLD),HKEX,
00033,INTL GENIUS,HKEX,
00034,KOWLOON DEV,HKEX,
00035,FE CONSORT INTL,HKEX,
00036,FE HLDGS INTL,HKEX,
00037,FE HOTELS,HKEX,
00038,FIRST TRACTOR,HKEX,
00039,CH BEIDAHUANG,HKEX,
00040,GOLD PEAK,HKEX,
00041,GREAT EAGLE H,HKEX,
00042,NE ELECTRIC,HKEX,
00045,HK&S HOTELS,HKEX,
00046,COMPUTER & TECH,HKEX,
00048,C AUTO INT DECO,HKEX,
00050,HK FERRY (HOLD),HKEX,
00051,HARBOUR CENTRE,HKEX,
00052,FAIRWOOD HOLD,HKEX,
00053,GUOCO GROUP,HKEX,
00055,NEWAY GROUP,HKEX,
00057,CHEN HSONG HOLD,HKEX,
00058,SUNWAY INT'L,HKEX,
00059,SKYFAME REALTY,HKEX,
00060,HK FOOD INV,HKEX,
00061,GREEN LEADER,HKEX,
00062,TRANSPORT INT'L,HKEX,
00063,CHI ASIA VALLEY,HKEX,
00064,GET NICE,HKEX,
00065,GRAND OCEAN AR,HKEX,
00066,MTR CORPORATION,HKEX,
00069,SHANGRI-LA ASIA,HKEX,
00070,RICH GOLDMAN,HKEX,
00071,MIRAMAR HOTEL,HKEX,
00072,META MEDIA,HKEX,
00073,ASIAN CITRUS,HKEX,
00075,Y.T. REALTY,HKEX,
00076,ELATE HOLDINGS,HKEX,
00077,AMS TRANSPORT,HKEX,
00078,REGAL INT'L,HKEX,
00079,CENTURY LEGEND,HKEX,
00081,CH OVS G OCEANS,HKEX,
00082,CRAZY SPORTS,HKEX,
00083,SINO LAND,HKEX,
00084,STELUX HOLDINGS,HKEX,
00085,CE HUADA TECH,HKEX,
00086,SUN HUNG KAI CO,HKEX,
00087,SWIRE PACIFIC B,HKEX,
00088,TAI CHEUNG HOLD,HKEX,
00089,TAI SANG LAND,HKEX,
00090,PUXING ENERGY,HKEX,
00092,CHAMPION TECH,HKEX,
00093,ZERO FINTECH,HKEX,
00094,GREENHEART GP,HKEX,
00095,LVGEM CHINA,HKEX,
00096,YUSEI,HKEX,
00097,HENDERSON INV,HKEX,
00098,XINGFA ALUM,HKEX,
00099,WONG'S INT'L,HKEX,
00100,MINIMAX-WP,HKEX,
00101,HANG LUNG PPT,HKEX,
00103,SHOUGANG CENT,HKEX,
00104,ASIA COMM HOLD,HKEX,
00105,ASSO INT HOTELS,HKEX,
00106,LANDSEA MGMT,HKEX,
00107,SICHUAN EXPRESS,HKEX,
00108,GR LIFE STYLE,HKEX,
00110,CHINA FORTUNE,HKEX,
00111,CINDA INTL HLDG,HKEX,
00113,DICKSON CONCEPT,HKEX,
00114,HERALD HOLD,HKEX,
00115,GRAND FIELD GP,HKEX,
00116,CHOW SANG SANG,HKEX,
00117,TIANLI HOLDINGS,HKEX,
00118,COSMOS MACH,HKEX,
00119,POLY PROPERTY,HKEX,
00120,COSMOPOL INT'L,HKEX,
00122,CROCODILE,HKEX,
00123,YUEXIU PROPERTY,HKEX,
00124,GD LAND,HKEX,
00125,SUN HING VISION,HKEX,
00126,CARRIANNA,HKEX,
00127,CHINESE EST H,HKEX,
00128,ENM HOLDINGS,HKEX,
00129,ASIA STANDARD,HKEX,
00130,MOISELLE INT'L,HKEX,
00131,CHEUK NANG HOLD,HKEX,
00132,HING YIP HLDGS,HKEX,
00135,KUNLUN ENERGY,HKEX,
00136,CHINA RUYI,HKEX,
00137,JINHUI HOLDINGS,HKEX,
00138,CCT FORTIS,HKEX,
00139,SMART FISH,HKEX,
00142,FIRST PACIFIC,HKEX,
00144,CHINA MER PORT,HKEX,
00145,CCIAM FUTURE EN,HKEX,
00146,TAI PING CARPET,HKEX,
00147,IB SETTLEMENT,HKEX,
00148,KINGBOARD HLDG,HKEX,
00149,CH AGRI-PROD EX,HKEX,
00150,HYPEBEAST,HKEX,
00151,WANT WANT CHINA,HKEX,
00152,SHENZHEN INT'L,HKEX,
00154,BE ENVIRONMENT,HKEX,
00156,LIPPO CHINA RES,HKEX,
00157,NATURAL BEAUTY,HKEX,
00158,MELBOURNE ENT,HKEX,
00159,BROCKMAN MINING,HKEX,
00160,HON KWOK LAND,HKEX,
00162,CENTURY GINWA,HKEX,
00163,EMPEROR INT'L,HKEX,
00164,CHINA BAOLI TEC,HKEX,
00165,CHINA EB LTD,HKEX,
00166,NEW TIMES CORP,HKEX,
00167,IDT INT'L,HKEX,
00168,TSINGTAO BREW,HKEX,
00169,WANDA HOTEL DEV,HKEX,
00171,SILVER GRANT,HKEX,
00173,K. WAH INT'L,HKEX,
00174,GEMINI INV,HKEX,
00175,GEELY AUTO,HKEX,
00176,SUPERACTIVE GP,HKEX,
00177,JIANGSU EXPRESS,HKEX,
00178,SA SA INT'L,HKEX,
00179,JOHNSON ELEC H,HKEX,
00180,KADER HOLDINGS,HKEX,
00181,FUJIAN HOLDINGS,HKEX,
00182,CONCORD NE,HKEX,
00183,WINFULL GP,HKEX,
00184,KECK SENG INV,HKEX,
00185,ZENSUN ENT,HKEX,
00186,NIMBLE HOLDINGS,HKEX,
00187,JINGCHENG MAC,HKEX,
00188,SUNWAH KINGSWAY,HKEX,
00189,DONGYUE GROUP,HKEX,
00191,LAI SUN INT'L,HKEX,
00193,CAPITAL ESTATE,HKEX,
00194,LIU CHONG HING,HKEX,
00195,GREENTECH INTL,HKEX,
00196,HONGHUA GROUP,HKEX,
00197,HENG TAI,HKEX,
00199,ITC PROPERTIES,HKEX,
00200,MELCO INT'L DEV,HKEX,
00201,MAGNIFICENT,HKEX,
00202,EVERCHINA INT'L,HKEX,
00205,BFB HEALTH,HKEX,
00206,CM-ENERGY,HKEX,
00209,WINSHINE SCI,HKEX,
00210,DAPHNE INT'L,HKEX,
00211,STYLAND HOLD,HKEX,
00212,NANYANG HOLD,HKEX,
00213,NATIONAL ELEC H,HKEX,
00214,ASIA ORIENT,HKEX,
00215,HUTCHTEL HK,HKEX,
00216,CHINNEY INV,HKEX,
00217,CHINA CHENGTONG,HKEX,
00218,SWHYHK,HKEX,
00219,SHUNHO PROPERTY,HKEX,
00220,U-PRESID CHINA,HKEX,
00222,MIN XIN HOLD,HKEX,
00223,ELIFE HLDGS,HKEX,
00224,PIONEER GLOBAL,HKEX,
00225,POKFULAM,HKEX,
00227,FIRST SHANGHAI,HKEX,
00228,CHINA ENERGY,HKEX,
00229,RAYMOND IND,HKEX,
00230,MINMETALS LAND,HKEX,
00232,CON AERO TECH,HKEX,
00234,NEW CENTURY GP,HKEX,
00235,CSC HOLDINGS,HKEX,
00236,SAN MIGUEL HK,HKEX,
00237,SAFETY GODOWN,HKEX,
00239,PAK FAH YEOW,HKEX,
00240,BUILD KING HOLD,HKEX,
00241,ALI HEALTH,HKEX,
00242,SHUN TAK HOLD,HKEX,
00243,QPL INT'L,HKEX,
00244,SINCERE,HKEX,
00245,CHINA VERED FIN,HKEX,
00247,TST PROPERTIES,HKEX,
00248,HKC INT'L-NEW,HKEX,
00251,SEA HOLDINGS,HKEX,
00252,SE ASIA PPT,HKEX,
00253,SHUNHO HOLDINGS,HKEX,
00254,NUR HOLDINGS,HKEX,
00255,LUNG KEE,HKEX,
00256,CITYCHAMP,HKEX,
00257,EB ENVIRONMENT,HKEX,
00258,TOMSON GROUP,HKEX,
00259,YEEBO (INT'L H),HKEX,
00261,GBA HOLDINGS,HKEX,
00262,DESON DEV INT'L,HKEX,
00264,CN INT DEV CORP,HKEX,
00265,GANGYU SERVICES,HKEX,
00266,TIAN TECK LAND,HKEX,
00267,CITIC,HKEX,
00268,KINGDEE INT'L,HKEX,
00269,CRTG,HKEX,
00270,GUANGDONG INV,HKEX,
00271,ASIASEC PPT,HKEX,
00272,SHUI ON LAND,HKEX,
00274,RA SILK ROAD,HKEX,
00276,MONGOLIA ENERGY,HKEX,
00277,TERN PROPERTIES,HKEX,
00279,ARTA TECHFIN,HKEX,
00280,KING FOOK HOLD,HKEX,
00285,BYD ELECTRONIC,HKEX,
00286,AIDIGONG,HKEX,
00287,WINFAIR INV,HKEX,
00288,WH GROUP,HKEX,
00289,WING ON CO,HKEX,
00290,GOFINTECH QUANT,HKEX,
00291,CHINA RES BEER,HKEX,
00293,CATHAY PAC AIR,HKEX,
00294,YANGTZEKIANG,HKEX,
00295,KONG SUN HOLD,HKEX,
00296,EMPEROR E HOTEL,HKEX,
00297,SINOFERT,HKEX,
00298,CHUANG'S CHINA,HKEX,
00299,GLORY SUN LAND,HKEX,
00300,MIDEA GROUP,HKEX,
00301,SANVO CHEMICALS,HKEX,
00302,CMGE,HKEX,
00303,VTECH HOLDINGS,HKEX,
00305,WULING MOTORS,HKEX,
00306,KWOON CHUNG BUS,HKEX,
00308,CHINA TRAVEL HK,HKEX,
00309,XH NEWS MEDIA,HKEX,
00311,LUEN THAI,HKEX,
00312,SHIRBLE STORE,HKEX,
00313,RICHLY FIELD,HKEX,
00314,SIPAI HEALTH,HKEX,
00315,SMARTONE TELE,HKEX,
00316,OOIL,HKEX,
00317,COMEC,HKEX,
00318,VONGROUP,HKEX,
00320,COMPUTIME,HKEX,
00321,TEXWINCA HOLD,HKEX,
00322,TINGYI,HKEX,
00323,MAANSHAN IRON,HKEX,
00325,BLOKS,HKEX,
00326,CHINA STAR ENT,HKEX,
00327,PAX GLOBAL,HKEX,
00328,ALCO HOLDINGS,HKEX,
00329,OCI INTL,HKEX,
00330,ESPRIT HOLDINGS,HKEX,
00331,FSE LIFESTYLE,HKEX,
00332,YUANHENG GAS,HKEX,
00333,TOP FORM INT'L,HKEX,
00334,CH DISPLAY OPT,HKEX,
00335,UPBEST GROUP,HKEX,
00336,HUABAO INTL,HKEX,
00337,GREENLAND HK,HKEX,
00338,SHANGHAI PECHEM,HKEX,
00340,TONGGUAN GOLD,HKEX,
00341,CAFE DE CORAL H,HKEX,
00343,CULTURECOM HOLD,HKEX,
00345,VITASOY INT'L,HKEX,
00346,YANCHANG PETRO,HKEX,
00347,ANGANG STEEL,HKEX,
00348,CHINAHEALTHWISE,HKEX,
00351,ASIA ENERGY LOG,HKEX,
00352,FORTUNE SUN,HKEX,
00353,ENERGY INTINV,HKEX,
00354,CHINASOFT INT'L,HKEX,
00355,CENTURY C INT'L,HKEX,
00357,MEILAN AIRPORT,HKEX,
00358,JIANGXI COPPER,HKEX,
00360,NEW FOCUS AUTO,HKEX,
00361,HANFORT DEV H,HKEX,
00362,C ZENITH CHEM,HKEX,
00363,SHANGHAI IND H,HKEX,
00365,SINO ICT,HKEX,
00366,LUKS GROUP (VN),HKEX,
00367,CHUANG'S INT'L,HKEX,
00368,SUPERLAND GROUP,HKEX,
00369,WING TAI PPT,HKEX,
00370,HK ROBOTICS,HKEX,
00371,BJ ENT WATER,HKEX,
00372,PT INTL DEV,HKEX,
00373,ALLIED GROUP,HKEX,
00374,FOUR SEAS MER,HKEX,
00375,YGM TRADING,HKEX,
00376,YUNFENG FIN,HKEX,
00377,CHINA HUAJUN GP,HKEX,
00379,EG LEASING,HKEX,
00380,CHINA PIPE,HKEX,
00381,AOM INT'L,HKEX,
00382,EDVANTAGE GROUP,HKEX,
00383,TIANAN MEDICARE,HKEX,
00384,CHINA GAS HOLD,HKEX,
00385,CHINNEY ALLI,HKEX,
00386,SINOPEC CORP,HKEX,
00387,LEEPORT(HOLD),HKEX,
00388,HKEX,HKEX,
00389,TONTINE WINES,HKEX,
00390,CHINA RAILWAY,HKEX,
00391,MEI AH ENTER,HKEX,
00392,BEIJING ENT,HKEX,
00393,GLORIOUS SUN,HKEX,
00396,HING LEE (HK),HKEX,
00397,MINERVA GROUP,HKEX,
00398,ORIENTAL WATCH,HKEX,
00399,STARCOIN GROUP,HKEX,
00400,INGDAN,HKEX,
00401,WANJIA GROUP,HKEX,
00403,STARLITE HOLD,HKEX,
00406,YAU LEE HOLD,HKEX,
00408,YIP'S CHEMICAL,HKEX,
00410,SOHO CHINA,HKEX,
00411,LAM SOON (HK),HKEX,
00412,SDHG,HKEX,
00413,SC HOLDINGS,HKEX,
00417,TSE SUI LUEN,HKEX,
00418,FOUNDER HOLD,HKEX,
00419,HONY MEDIA,HKEX,
00420,FOUNTAIN SET,HKEX,
00422,VMEP HOLDINGS,HKEX,
00423,HKET HOLDINGS,HKEX,
00425,MINTH GROUP-100,HKEX,
00426,ONE MEDIA GROUP,HKEX,
00430,ORIENTAL EXPL,HKEX,
00431,G CHINA FIN,HKEX,
00432,PCPD,HKEX,
00433,NORTH MINING,HKEX,
00434,BOYAA,HKEX,
00436,NU ENVIRO,HKEX,
00438,IRICO NEWENERGY,HKEX,
00439,GENESIS SCALE,HKEX,
00440,DAH SING,HKEX,
00442,DOMAINE POWER,HKEX,
00444,SINCEREWATCH HK,HKEX,
00450,HUNG HING PRINT,HKEX,
00451,GCL NEWENERGY,HKEX,
00455,TIANDA PHARMA,HKEX,
00456,NEW CITY DEV,HKEX,
00458,TRISTATE HOLD,HKEX,
00459,LEGEND UPSTAR,HKEX,
00460,SIHUAN PHARM,HKEX,
00464,CHINA IN-TECH,HKEX,
00465,FUTONG TECH,HKEX,
00467,UNITEDENERGY GP,HKEX,
00468,GAPACK,HKEX,
00470,WUXI LEAD,HKEX,
00471,SILKWAVE INC,HKEX,
00472,NEW SILKROAD,HKEX,
00474,ACESO LIFE SCI,HKEX,
00475,CENTRAL DEV H,HKEX,
00476,EV DYNAMICS,HKEX,
00480,HKR INT'L,HKEX,
00482,SANDMARTIN INTL,HKEX,
00483,BAUHAUS INT'L,HKEX,
00484,FORGAME,HKEX,
00485,CHINASINOSTAR,HKEX,
00486,RUSAL,HKEX,
00487,SUCCESSUNIVERSE,HKEX,
00488,LAI SUN DEV,HKEX,
00489,DONGFENG GROUP,HKEX,
00491,EMPEROR CULTURE,HKEX,
00493,GOME RETAIL,HKEX,
00495,PALADIN,HKEX,
00496,KASEN,HKEX,
00497,CSI PROPERTIES,HKEX,
00498,BLUE RIVER HLDG,HKEX,
00499,QINGDAO HLDGS,HKEX,
00500,FRONTIER SER,HKEX,
00501,OMNIVISION,HKEX,
00505,XINGYE ALLOY,HKEX,
00506,CHINA FOODS,HKEX,
00508,DINGYI GP INV,HKEX,
00509,SUNSHINE,HKEX,
00510,CASH FIN SER GP,HKEX,
00511,TVB,HKEX,
00512,GRAND PHARMA,HKEX,
00513,CONTINENTAL H,HKEX,
00515,CHINASILVER TEC,HKEX,
00517,COSCO SHIP INTL,HKEX,
00518,TUNGTEX (HOLD),HKEX,
00519,NOVAUTEK,HKEX,
00520,XIABUXIABU,HKEX,
00521,CWT INT'L,HKEX,
00522,ASMPT,HKEX,
00524,GW TERROIR,HKEX,
00525,GUANGSHEN RAIL,HKEX,
00526,LISI GP HOLD,HKEX,
00527,RUIFENG RENEW,HKEX,
00528,KINGDOM HOLDING,HKEX,
00529,SIS INT'L,HKEX,
00532,WKK INTL (HOLD),HKEX,
00533,GOLDLION HOLD,HKEX,
00535,GEMDALE PPT,HKEX,
00536,TRADELINK,HKEX,
00538,AJISEN (CHINA),HKEX,
00540,SPEEDY GLOBAL,HKEX,
00542,CN CULTURAL T&A,HKEX,
00543,PACIFIC ONLINE,HKEX,
00544,DAIDO GROUP,HKEX,
00546,FUFENG GROUP,HKEX,
00547,DIGITAL DOMAIN,HKEX,
00548,SHENZHENEXPRESS,HKEX,
00550,ALLEGRO CULTURE,HKEX,
00551,YUE YUEN IND,HKEX,
00552,CHINACOMSERVICE,HKEX,
00553,NANJING PANDA,HKEX,
00554,HANS GP HLDGS,HKEX,
00556,PAN ASIA ENVIRO,HKEX,
00557,TIANYUAN HEALTH,HKEX,
00558,LK TECH,HKEX,
00559,DETAI NEWENERGY,HKEX,
00560,CHU KONG SHIP,HKEX,
00563,SH IND URBAN,HKEX,
00564,ZCZL,HKEX,
00565,ART GROUP HOLD,HKEX,
00567,DAISHOMICROLINE,HKEX,
00568,SHANDONG MOLONG,HKEX,
00570,TRAD CHI MED,HKEX,
00571,ESUN HOLDINGS,HKEX,
00572,FW HOLDINGS,HKEX,
00573,TAO HEUNG HLDGS,HKEX,
00574,PASHUN INT'L,HKEX,
00575,REGENT PACIFIC,HKEX,
00576,ZHEJIANGEXPRESS,HKEX,
00579,JNCEC,HKEX,
00580,SUN.KING TECH,HKEX,
00581,CHINA ORIENTAL,HKEX,
00582,SHIN HWA WORLD,HKEX,
00583,GWPA HOLDINGS,HKEX,
00585,IMAGI INT'L,HKEX,
00586,CONCH VENTURE,HKEX,
00587,CONCH ENVIRO,HKEX,
00588,BEIJING N STAR,HKEX,
00590,LUK FOOK HOLD,HKEX,
00591,C HIGHPRECISION,HKEX,
00595,AV CONCEPT HOLD,HKEX,
00596,INSPUR DIGI ENT,HKEX,
00598,SINOTRANS,HKEX,
00599,E. BON HOLDINGS,HKEX,
00600,AXERA,HKEX,
00601,REMT,HKEX,
00602,JIAHUA STORES H,HKEX,
00603,CHINA OIL & GAS,HKEX,
00604,SHENZHEN INVEST,HKEX,
00605,C FIN SERVICES,HKEX,
00606,SCE CM,HKEX,
00607,FULLSHARE,HKEX,
00608,HIGH FASHION,HKEX,
00609,TIANDE CHEMICAL,HKEX,
00610,WAI KEE HOLD,HKEX,
00611,CNE TECH CORP,HKEX,
00613,PLANETREE INT'L,HKEX,
00616,EMINENCE ENT,HKEX,
00617,PALIBURG HOLD,HKEX,
00618,PKU RESOURCES,HKEX,
00619,SOUTH CHINA FIN,HKEX,
00620,DTXS SILK ROAD,HKEX,
00621,TAUNG GOLD,HKEX,
00622,OSHIDORI,HKEX,
00623,SINOMEDIA,HKEX,
00626,PUBLIC FIN HOLD,HKEX,
00627,VISION SYNERGY,HKEX,
00628,TONGTONG AI SOC,HKEX,
00629,YUE DA INTL,HKEX,
00630,AMCO UNITED,HKEX,
00631,SANY INT'L,HKEX,
00632,CHK OIL,HKEX,
00635,PLAYMATES,HKEX,
00636,KLN,HKEX,
00637,LEE KEE,HKEX,
00638,FIBOCOM,HKEX,
00639,SHOUGANG RES,HKEX,
00640,INFINITY DEV,HKEX,
00641,CHTC FONG'S INT,HKEX,
00643,CARRY WEALTH,HKEX,
00645,ARES ASIA,HKEX,
00646,CHINA ENV TEC,HKEX,
00648,SOFTMEDX,HKEX,
00650,PRODUCTIVE TECH,HKEX,
00653,BONJOUR HOLD,HKEX,
00655,HK CHINESE LTD,HKEX,
00656,FOSUN INTL,HKEX,
00657,G-VISION INT'L,HKEX,
00658,C TRANSMISSION,HKEX,
00659,CTF SERVICES,HKEX,
00660,WAI CHUN BIOTEC,HKEX,
00661,CDAYENONFER,HKEX,
00662,ASIA FINANCIAL,HKEX,
00663,KING STONE ENGY,HKEX,
00666,REPT BATTERO,HKEX,
00667,CHINA EAST EDU,HKEX,
00669,TECHTRONIC IND,HKEX,
00670,CHINA EAST AIR,HKEX,
00672,ZHONGAN GROUP,HKEX,
00673,CHINA HEALTH,HKEX,
00674,CHINA TANGSHANG,HKEX,
00675,K & P INT'L,HKEX,
00676,PEGASUS INT'L,HKEX,
00677,GOLDEN RES DEV,HKEX,
00679,ASIA TELE-NET,HKEX,
00681,CHI PEOPLE HOLD,HKEX,
00682,CHAODA MODERN,HKEX,
00683,KERRY PPT,HKEX,
00684,ALLAN INT'L,HKEX,
00685,MEDIA CHINESE,HKEX,
00686,BJ ENERGY INTL,HKEX,
00687,TYSAN HOLDINGS,HKEX,
00688,CHINA OVERSEAS,HKEX,
00689,EPI (HOLDINGS),HKEX,
00690,UNI-BIO GROUP,HKEX,
00691,SHANSHUI CEMENT,HKEX,
00693,TAN CHONG INT'L,HKEX,
00694,BEIJING AIRPORT,HKEX,
00695,DONGWU CEMENT,HKEX,
00696,TRAVELSKY TECH,HKEX,
00697,SHOUCHENG,HKEX,
00698,TONGDA GROUP,HKEX,
00699,JOYSON ELEC,HKEX,
00700,TENCENT,HKEX,
00701,CNT GROUP,HKEX,
00702,SINO OIL & GAS,HKEX,
00703,FUTURE BRIGHT,HKEX,
00704,HUSCOKE HLDGS,HKEX,
00707,ATV HOLDINGS,HKEX,
00708,EVERG VEHICLE,HKEX,
00709,GIORDANO INT'L,HKEX,
00710,BOE VARITRONIX,HKEX,
00711,ASIA ALLIED INF,HKEX,
00712,COMTEC SOLAR,HKEX,
00713,WORLD HOUSEWARE,HKEX,
00716,SINGAMAS CONT,HKEX,
00717,EMPEROR CAPITAL,HKEX,
00718,TAI UNITED HOLD,HKEX,
00719,SHANDONG XINHUA,HKEX,
00720,AUTO ITALIA,HKEX,
00722,UMP,HKEX,
00723,RELIANCE GLO HL,HKEX,
00724,RUIXIN INT'L,HKEX,
00725,PERENNIAL INT'L,HKEX,
00726,DIT GROUP,HKEX,
00727,CROWNICORP,HKEX,
00728,CHINA TELECOM,HKEX,
00730,CAPITAL IND FIN,HKEX,
00731,C&D NEWIN,HKEX,
00732,TRULY INT'L,HKEX,
00733,HOPEFLUENT,HKEX,
00736,CHINA PPT INV,HKEX,
00737,BAY AREA DEV,HKEX,
00738,LE SAUNDA,HKEX,
00743,ASIA CEMENT CH,HKEX,
00745,CN CULTURE GP,HKEX,
00746,L & M CHEMICAL,HKEX,
00747,SHENYANG PUBLIC,HKEX,
00750,SFSY ENERGY,HKEX,
00751,SKYWORTH GROUP,HKEX,
00752,PICO FAR EAST,HKEX,
00753,AIR CHINA,HKEX,
00754,HOPSON DEV HOLD,HKEX,
00755,DEVGREAT,HKEX,
00756,SUMMI,HKEX,
00757,SOLARGIGA,HKEX,
00759,CEC INT'L HOLD,HKEX,
00760,TALENT PPT GP,HKEX,
00762,CHINA UNICOM,HKEX,
00763,ZTE,HKEX,
00764,ETERNITY INV,HKEX,
00765,PERFECTECH INTL,HKEX,
00767,ZHONG JI LS,HKEX,
00769,CHINA RAREEARTH,HKEX,
00771,AUTOMATED SYS,HKEX,
00772,CHINA LIT,HKEX,
00775,CKLIFE SCIENCES,HKEX,
00776,IMPERIUM TEC GP,HKEX,
00777,NETDRAGON,HKEX,
00780,TONGCHENGTRAVEL,HKEX,
00784,LING YUI,HKEX,
00788,CHINA TOWER,HKEX,
00789,ARTINI HLDG,HKEX,
00794,COME SURE GROUP,HKEX,
00797,7ROAD,HKEX,
00798,CEOVU,HKEX,
00799,IGG,HKEX,
00800,WERIDE-W,HKEX,
00802,CHINA E-WALLET,HKEX,
00804,PINESTONE,HKEX,
00805,NEW GONOW RV,HKEX,
00806,VALUE PARTNERS,HKEX,
00807,SIICENVIRONMENT,HKEX,
00809,GLOBAL BIO-CHEM,HKEX,
00811,XINHUA WINSHARE,HKEX,
00813,SHIMAO GROUP,HKEX,
00814,JINGKELONG,HKEX,
00815,CHI SILVER GP,HKEX,
00816,JINMAO SERVICES,HKEX,
00817,CHINA JINMAO,HKEX,
00818,HI SUN TECH,HKEX,
00819,TIANNENG POWER,HKEX,
00821,VC HOLDINGS,HKEX,
00822,KA SHUI INT'L,HKEX,
00825,NWDS CHINA,HKEX,
00826,TIANGONG INT'L,HKEX,
00827,KO YO GROUP,HKEX,
00828,DYNASTY WINES,HKEX,
00829,SHENGUAN HLDGS,HKEX,
00830,CSC DEVELOPMENT,HKEX,
00831,CR ASIA,HKEX,
00832,CENTRAL CHINA,HKEX,
00833,ALLTRONICS,HKEX,
00834,KANGDA FOOD,HKEX,
00836,CHINA RES POWER,HKEX,
00837,CARPENTER TAN,HKEX,
00838,EVA HOLDINGS,HKEX,
00839,CHINA EDU GROUP,HKEX,
00840,TIANYE WATER,HKEX,
00841,CASSAVA RES,HKEX,
00842,LEOCH INT'L,HKEX,
00844,GREATIME INTL,HKEX,
00845,GLORIOUS PPT H,HKEX,
00846,MINGFA GROUP,HKEX,
00848,MAOYE INT'L,HKEX,
00851,SHENG YUAN HLDG,HKEX,
00852,STRONG PETRO,HKEX,
00853,MICROPORT,HKEX,
00854,WILLAS-ARRAY,HKEX,
00855,CHINA WATER,HKEX,
00856,VSTECS,HKEX,
00857,PETROCHINA,HKEX,
00858,EXTRAWELL PHAR,HKEX,
00859,ZHONGCHANG INTL,HKEX,
00860,APOLLO FMG,HKEX,
00861,DC HOLDINGS,HKEX,
00862,VISION VALUES,HKEX,
00863,OSL GROUP,HKEX,
00864,WING LEE PPT,HKEX,
00865,JIANDE INT'L,HKEX,
00866,CHINA QINFA,HKEX,
00867,CMS,HKEX,
00868,XINYI GLASS,HKEX,
00869,PLAYMATES TOYS,HKEX,
00871,CH DREDG ENV,HKEX,
00873,SHIMAO SERVICES,HKEX,
00874,BAIYUNSHAN PH,HKEX,
00875,CONGYU INTE AGR,HKEX,
00876,KAISA HEALTH,HKEX,
00878,SOUNDWILL HOLD,HKEX,
00880,SJM HOLDINGS,HKEX,
00881,ZHONGSHENG HLDG,HKEX,
00882,TIANJIN DEV,HKEX,
00883,CNOOC,HKEX,
00884,CIFI HOLD GP,HKEX,
00887,EMPEROR WATCH&J,HKEX,
00888,BLOCKFIN HLDG,HKEX,
00889,DATRONIX HOLD,HKEX,
00893,CHINAVTM MINING,HKEX,
00894,MAN YUE TECH,HKEX,
00895,DONGJIANG ENV,HKEX,
00896,HANISON,HKEX,
00897,WAI YUEN TONG,HKEX,
00898,MULTIFIELD INTL,HKEX,
00899,ZHONG JIA GX,HKEX,
00900,AEON CREDIT,HKEX,
00902,HUANENG POWER,HKEX,
00907,ELEGANCEOPTICAL,HKEX,
00909,MING YUAN CLOUD,HKEX,
00910,CHINA SANDI,HKEX,
00911,QIANHAI HEALTH,HKEX,
00912,SUGA INT'L,HKEX,
00914,CONCH CEMENT,HKEX,
00915,DAOHE GLOBAL,HKEX,
00916,CHINA LONGYUAN,HKEX,
00917,QUNABOX GROUP,HKEX,
00918,MAJESTIC DRAGON,HKEX,
00919,MODERNHEALTHTEC,HKEX,
00921,HISENSE HA,HKEX,
00922,ANXIANYUAN CH,HKEX,
00923,IWS,HKEX,
00924,KHOON GROUP,HKEX,
00926,BESUNYEN,HKEX,
00927,FUJIKON IND,HKEX,
00928,KING INTL INV,HKEX,
00929,IPE GROUP,HKEX,
00931,CHINA HK POWER,HKEX,
00932,SHUNTEN INTL,HKEX,
00933,VIVA GOODS,HKEX,
00934,SINOPEC KANTONS,HKEX,
00936,KAISA CAPITAL,HKEX,
00938,MAN SANG INT'L,HKEX,
00939,CCB,HKEX,
00941,CHINA MOBILE,HKEX,
00943,ZHONGZHENG INTL,HKEX,
00945,MANULIFE-S,HKEX,
00947,MOBI DEV,HKEX,
00948,ALPHA PRO HLDGS,HKEX,
00950,LEE'S PHARM,HKEX,
00951,CHAOWEI POWER,HKEX,
00952,QUAM PLUS FIN,HKEX,
00953,SHAW BROTHERS,HKEX,
00954,CHANGMAO BIO,HKEX,
00956,CHINA SUNTIEN,HKEX,
00959,CENTURY ENT INT,HKEX,
00960,LONGFOR GROUP,HKEX,
00966,CHINA TAIPING,HKEX,
00968,XINYI SOLAR,HKEX,
00969,HUA LIEN INT'L,HKEX,
00970,NEW SPARKLEROLL,HKEX,
00974,SKL,HKEX,
00975,MONGOL MINING,HKEX,
00976,CHIHO ENV,HKEX,
00978,CHI MER LAND,HKEX,
00979,GREEN ENERGY GP,HKEX,
00980,LIANHUA,HKEX,
00981,SMIC,HKEX,
00983,SOCAM DEV,HKEX,
00984,AEON STORES,HKEX,
00986,DUFU LIQUOR GP,HKEX,
00987,CH RENEW EN INV,HKEX,
00989,CHINA CBS INTL,HKEX,
00990,DEEP SOURCE,HKEX,
00991,DATANG POWER,HKEX,
00992,LENOVO GROUP,HKEX,
00993,XINKONG INT CAP,HKEX,
00994,CT VISION,HKEX,
00995,ANHUIEXPRESSWAY,HKEX,
00997,CHINLINK INTL,HKEX,
00998,CITIC BANK,HKEX,
00999,XIAOCAIYUAN,HKEX,
01000,BEIJING MEDIA,HKEX,
01001,HK SH ALLIANCE,HKEX,
01002,V.S. INT'L,HKEX,
01003,HUANXI MEDIA,HKEX,
01004,C SMARTEREN-NEW,HKEX,
01005,MATRIX HOLDINGS,HKEX,
01007,LONGHUI INTL,HKEX,
01008,LITU HOLDINGS,HKEX,
01009,INT'L ENT,HKEX,
01010,SKY BLUE 11,HKEX,
01011,NT PHARMA,HKEX,
01013,WAI CHUN GROUP,HKEX,
01020,CIPRUN TECH,HKEX,
01022,FEIYU,HKEX,
01023,SITOY GROUP,HKEX,
01024,KUAISHOU-W,HKEX,
01025,KNT HOLDINGS,HKEX,
01026,UNIVERSAL TECH,HKEX,
01027,ASIA STRAT TECH,HKEX,
01028,C.BANNER,HKEX,
01029,IRC,HKEX,
01030,SEAZEN,HKEX,
01033,SINOPEC SSC,HKEX,
01036,VANKE OVERSEAS,HKEX,
01037,MAXNERVA TECH,HKEX,
01038,CKI HOLDINGS,HKEX,
01039,CHANGYOU INT GP,HKEX,
01044,HENGAN INT'L,HKEX,
01045,APT SATELLITE,HKEX,
01046,UNIVERSE ENT,HKEX,
01047,NGAI HING HONG,HKEX,
01049,CELESTIAL ASIA,HKEX,
01050,KARRIE INT'L,HKEX,
01051,G-RESOURCES,HKEX,
01052,YUEXIUTRANSPORT,HKEX,
01053,CHONGQING IRON,HKEX,
01055,CHINA SOUTH AIR,HKEX,
01057,ZHEJIANG SHIBAO,HKEX,
01058,NAMYUE HOLDINGS,HKEX,
01059,KANTONE HOLDING,HKEX,
01060,DAMAI ENT,HKEX,
01061,ESSEX BIO-TECH,HKEX,
01063,SUNCORP TECH,HKEX,
01064,ZHONG HUA INT'L,HKEX,
01065,TIANJIN CAPITAL,HKEX,
01066,WEIGAO GROUP,HKEX,
01068,YURUN FOOD,HKEX,
01069,CN HEALTH TECH,HKEX,
01070,TCL ELECTRONICS,HKEX,
01071,HUADIAN POWER,HKEX,
01072,DONGFANG ELEC,HKEX,
01073,DA YU FIN,HKEX,
01075,CAPINFO,HKEX,
01079,PINE TECH,HKEX,
01080,SHENGLI PIPE,HKEX,
01082,BDV EDU INTL,HKEX,
01083,TG SMART ENERGY,HKEX,
01084,GREEN FRESH BIO,HKEX,
01085,HXTL,HKEX,
01086,GOODBABY INTL,HKEX,
01087,INVESTECH HLDGS,HKEX,
01088,CHINA SHENHUA,HKEX,
01090,DA MING INT'L,HKEX,
01091,SOUTH MANGANESE,HKEX,
01093,CSPC PHARMA,HKEX,
01094,CHERISH SUN,HKEX,
01097,I-CABLE COMM,HKEX,
01098,ROAD KING INFRA,HKEX,
01099,SINOPHARM,HKEX,
01100,MAINLAND HOLD,HKEX,
01101,HUARONG ENERGY,HKEX,
01102,ENVIRO ENERGY,HKEX,
01104,APAC RESOURCES,HKEX,
01105,SING TAO,HKEX,
01107,MODERN LAND,HKEX,
01108,TRIUMPH NEW EN,HKEX,
01109,CHINA RES LAND,HKEX,
01110,KINGWORLD,HKEX,
01111,HUASHI GROUP,HKEX,
01112,H&H INTL HLDG,HKEX,
01113,CK ASSET,HKEX,
01114,BRILLIANCE CHI,HKEX,
01115,5100 XIZANG,HKEX,
01116,HC TECH GP,HKEX,
01117,CH MODERN D,HKEX,
01118,GOLIK HOLDINGS,HKEX,
01119,IDREAMSKY,HKEX,
01120,ARTS OPTICAL,HKEX,
01121,GOLDENSOLAR,HKEX,
01122,QINGLING MOTORS,HKEX,
01123,CHINA-HK PHOTO,HKEX,
01124,COASTAL GL,HKEX,
01125,LAI FUNG HOLD,HKEX,
01126,DREAM INT'L,HKEX,
01127,LION ROCK GROUP,HKEX,
01128,WYNN MACAU,HKEX,
01129,WATER INDUSTRY,HKEX,
01130,CHINA ENV RES,HKEX,
01132,ORANGE SKY G H,HKEX,
01133,HARBIN ELECTRIC,HKEX,
01134,KELFRED,HKEX,
01137,HK TECH VENTURE,HKEX,
01138,COSCO SHIP ENGY,HKEX,
01141,CMBC CAPITAL,HKEX,
01142,E&P GLOBAL,HKEX,
01143,CN ENGY STORAGE,HKEX,
01145,COURAGE INV,HKEX,
01146,HUICHENG INTL H,HKEX,
01147,EDENSOFT,HKEX,
01148,POWER XINCHEN,HKEX,
01150,MILAN STATION,HKEX,
01152,MOMENTUM FIN,HKEX,
01153,JIAYUAN SER,HKEX,
01156,CHINANEWENERGY,HKEX,
01157,ZOOMLION,HKEX,
01159,SMART DIGI TECH,HKEX,
01161,WATER OASIS GP,HKEX,
01162,LUMINA GROUP,HKEX,
01163,ADTIGER CORP,HKEX,
01164,CGN MINING,HKEX,
01165,SFCE,HKEX,
01166,SOLARTECH INT'L,HKEX,
01167,JACOBIO-B,HKEX,
01168,Z FIN,HKEX,
01170,KINGMAKER,HKEX,
01171,YANKUANG ENERGY,HKEX,
01172,MAGNUSCONCORDIA,HKEX,
01173,VEEKO INT'L,HKEX,
01176,ZHUGUANG HOLD,HKEX,
01177,SINO BIOPHARM,HKEX,
01179,HWORLD-S,HKEX,
01180,PARADISE ENT,HKEX,
01181,TANG PALACE,HKEX,
01182,SUCCESS DRAGON,HKEX,
01183,MECOM POWER,HKEX,
01184,S.A.S. DRAGON,HKEX,
01186,CHINA RAIL CONS,HKEX,
01188,HYBRID KINETIC,HKEX,
01193,CHINA RES GAS,HKEX,
01195,KINGWELL GROUP,HKEX,
01196,REALORD GROUP,HKEX,
01198,ROYALE HOME,HKEX,
01199,COSCO SHIP PORT,HKEX,
01200,MIDLAND HOLDING,HKEX,
01201,TESSON HOLDINGS,HKEX,
01202,SIWI SCI & TECH,HKEX,
01203,GUANGNAN (HOLD),HKEX,
01204,BOARDWARE INTEL,HKEX,
01205,CITIC RESOURCES,HKEX,
01206,TECHNOVATOR,HKEX,
01208,MMG,HKEX,
01209,CHINA RES MIXC,HKEX,
01211,BYD COMPANY,HKEX,
01213,MOBICON GROUP,HKEX,
01215,KAI YUAN HLDGS,HKEX,
01216,ZYBANK,HKEX,
01218,EASYKNIT INT'L,HKEX,
01220,ZHIDAO INT'L,HKEX,
01221,SINO HOTELS,HKEX,
01222,WANG ON GROUP,HKEX,
01223,SYMPHONY HOLD,HKEX,
01224,C C LAND,HKEX,
01225,LERADO FIN,HKEX,
01228,CANBRIDGE-B,HKEX,
01229,NAN NAN RES,HKEX,
01231,NEWTON RES,HKEX,
01232,GW TIANDI,HKEX,
01233,TIMES CHINA,HKEX,
01234,CHINA LILANG,HKEX,
01235,TRAVEL EXPERT,HKEX,
01237,CH ENV TECH&BIO,HKEX,
01238,POWERLONG,HKEX,
01239,TEAMWAY INTL GP,HKEX,
01240,CNQC INT'L,HKEX,
01241,SHUANGHUA H,HKEX,
01243,WANG ON PPT,HKEX,
01244,3D MEDICINES,HKEX,
01245,NIRAKU,HKEX,
01246,BOILLHEALTHCARE,HKEX,
01247,MIKO INTL,HKEX,
01250,SDHS NEW ENERGY,HKEX,
01251,SPT ENERGY,HKEX,
01252,CHINA TIANRUI,HKEX,
01253,GREEN BROAD,HKEX,
01255,TATA HEALTH,HKEX,
01257,CEB GREENTECH,HKEX,
01258,CHINFMINING,HKEX,
01259,PROSPER FUTURE,HKEX,
01260,WONDERFUL SKY,HKEX,
01262,LABIXIAOXIN,HKEX,
01265,TIANJINJINRAN,HKEX,
01268,MEIDONG AUTO,HKEX,
01269,FIRST CAP GP,HKEX,
01270,LANGHAM-SS,HKEX,
01271,GRAND MING,HKEX,
01272,DATANG ENVIRO,HKEX,
01273,HK FINANCE GP,HKEX,
01274,IMOTIONTECH,HKEX,
01276,HENGRUI PHARMA,HKEX,
01277,KINETIC DEV,HKEX,
01278,CHINANEWTOWN,HKEX,
01280,QIDIAN GUOFENG,HKEX,
01281,XINDA INV HLDGS,HKEX,
01282,RENZE HARVEST,HKEX,
01283,ACCEL GROUP,HKEX,
01284,NEW MEDIA LAB,HKEX,
01285,JIASHILI GP,HKEX,
01286,IMPRO PRECISION,HKEX,
01288,ABC,HKEX,
01289,SUNLIT SCI,HKEX,
01290,CHINA HUIRONG,HKEX,
01292,CMA LOGISTICS,HKEX,
01293,GRAND BAOXIN,HKEX,
01298,YUNNAN ENERGY,HKEX,
01299,AIA,HKEX,
01300,TRIGIANT,HKEX,
01301,D&G TECH,HKEX,
01302,LIFETECH SCI,HKEX,
01303,HUILI RES,HKEX,
01304,FORTIOR,HKEX,
01305,WAI CHI HOLD,HKEX,
01308,SITC,HKEX,
01310,HKBN,HKEX,
01312,KONTA CHINA,HKEX,
01313,CR BLDG MAT TEC,HKEX,
01314,TSUI WAH HLDG,HKEX,
01315,GREEN ECONOMY,HKEX,
01316,NEXTEER,HKEX,
01317,MAPLELEAF EDU,HKEX,
01318,MAO GEPING,HKEX,
01319,OIWAHPAWN,HKEX,
01321,CHINA NEWCITY,HKEX,
01323,HUASHENG INTL,HKEX,
01326,TRANSMIT ENT,HKEX,
01327,LUXXU GROUP,HKEX,
01328,GOLDSTREAM INV,HKEX,
01330,DYNAGREEN ENV,HKEX,
01332,TOUYUN BIOTECH,HKEX,
01333,BRETON,HKEX,
01334,RUICHANG INTL,HKEX,
01335,SHEEN TAI,HKEX,
01336,NCI,HKEX,
01338,BAWANG GROUP,HKEX,
01339,PICC GROUP,HKEX,
01340,HUISHENG INTL,HKEX,
01341,HAO TIAN INTL,HKEX,
01343,WEI YUAN HLDG,HKEX,
01345,SH PIONEER HLDG,HKEX,
01346,LEVER STYLE,HKEX,
01347,HUA HONG SEMI,HKEX,
01348,QUALI-SMART,HKEX,
01349,FUDANZHANGJIANG,HKEX,
01351,BRIGHT FUTURE,HKEX,
01354,KINGFARPROPERTY,HKEX,
01355,LEGEND STRAT,HKEX,
01357,MEITU,HKEX,
01358,PW MEDTECH,HKEX,
01359,CHINA CINDA,HKEX,
01361,361 DEGREES,HKEX,
01362,SIS MOBILE,HKEX,
01364,GUMING,HKEX,
01368,XTEP INT'L,HKEX,
01370,AOWEI HOLDING,HKEX,
01371,CHINA ECOTOUR,HKEX,
01372,C CARBONNEUTRAL,HKEX,
01373,IH RETAIL,HKEX,
01375,CC SECURITIES,HKEX,
01376,RAFFLESINTERIOR,HKEX,
01378,CHINAHONGQIAO,HKEX,
01379,WENLING MCT,HKEX,
01380,CHI KINGSTONE,HKEX,
01382,PACIFICTEXTILES,HKEX,
01384,DEEPEXI TECH,HKEX,
01385,SHANGHAI FUDAN,HKEX,
01388,EMBRY HOLDINGS,HKEX,
01389,MAJOR HLDGS,HKEX,
01393,HIDILI INDUSTRY,HKEX,
01395,ELL ENV,HKEX,
01396,GD-HKGBA HLDGS,HKEX,
01397,BAGUIO GREEN,HKEX,
01398,ICBC,HKEX,
01399,VESON HLDG,HKEX,
01400,MOODY TECH HLDG,HKEX,
01401,FUTURE MACH LTD,HKEX,
01402,I-CONTROL,HKEX,
01405,DPC DASH,HKEX,
01406,CLARITY MEDICAL,HKEX,
01407,JY GAS,HKEX,
01408,MACAU E&M,HKEX,
01410,EDVANCE INTL,HKEX,
01412,Q P GROUP,HKEX,
01413,FEG HOLDINGS,HKEX,
01415,COWELL,HKEX,
01416,CTR HOLDINGS,HKEX,
01417,RIVERINE CHINA,HKEX,
01418,SINOMAX GROUP,HKEX,
01419,HUMAN HEALTH,HKEX,
01420,CHUAN HOLDING,HKEX,
01421,PROSP GP INTL,HKEX,
01425,JUSTIN ALLEN H,HKEX,
01427,CH TIANBAO GP,HKEX,
01428,BRIGHT SMART,HKEX,
01429,SKYMISSION GP,HKEX,
01431,YST DAIRY,HKEX,
01432,CHINA SHENGMU,HKEX,
01433,CIRTEK HLDGS,HKEX,
01440,STAR SHINE HLDG,HKEX,
01442,INFINITY L&T,HKEX,
01443,FULUM GP HLDG,HKEX,
01446,HUNGFOOKTONG,HKEX,
01447,SFK,HKEX,
01448,FU SHOU YUAN,HKEX,
01449,LEADER EDU,HKEX,
01450,BE FRIENDS HLDG,HKEX,
01451,MS GROUP HLDGS,HKEX,
01452,DENOX ENV,HKEX,
01455,FOURACE IND GP,HKEX,
01456,GLMS SEC,HKEX,
01458,ZHOU HEI YA,HKEX,
01459,JUJIANG CONS,HKEX,
01460,ICO GROUP,HKEX,
01461,ZHONGTAIFUTURES,HKEX,
01463,C-LINK SQ,HKEX,
01466,BAIJIN LIFE SCI,HKEX,
01468,JAKOTA CAPITAL,HKEX,
01470,PROSPER ONE,HKEX,
01471,ZHONGMIAO,HKEX,
01472,SANG HING HLDGS,HKEX,
01473,PANGAEA CONNECT,HKEX,
01475,NISSIN FOODS,HKEX,
01476,FIN STREET SEC,HKEX,
01477,OCUMENSION-B,HKEX,
01478,Q TECH,HKEX,
01480,YAN TAT GROUP,HKEX,
01481,SMART GLOBE,HKEX,
01483,NET-A-GO TECH,HKEX,
01486,C CHENG HLDGS,HKEX,
01488,BEST FOOD HLDG,HKEX,
01489,GC CONSTRUCTION,HKEX,
01490,AI X TECH,HKEX,
01495,JIYI HOLDINGS,HKEX,
01496,AP RENTALS,HKEX,
01497,YAN PALACE,HKEX,
01498,PURAPHARM,HKEX,
01499,OKG TECH,HKEX,
01500,INCON,HKEX,
01501,INT MEDICAL,HKEX,
01502,FIN STREET PPT,HKEX,
01508,CHINA RE,HKEX,
01513,LIVZON PHARMA,HKEX,
01515,CR MEDICAL,HKEX,
01516,SUNAC SERVICES,HKEX,
01518,NC HEALTHCARE,HKEX,
01519,J&T EXPRESS-W,HKEX,
01520,VIRTUAL MIND,HKEX,
01521,FRONTAGE,HKEX,
01522,BII TRANS TECH,HKEX,
01523,PLOVER BAY TECH,HKEX,
01525,GENCH EDU,HKEX,
01526,RICI HEALTH,HKEX,
01527,TENGY ENV,HKEX,
01528,RS MACALLINE,HKEX,
01529,YUES INTL HLDG,HKEX,
01530,3SBIO,HKEX,
01532,CHINA PARTYTIME,HKEX,
01536,YUK WING GP,HKEX,
01538,ZHONG AO HOME,HKEX,
01539,UNITY GP HLDGS,HKEX,
01540,LEFTFIELD PRINT,HKEX,
01541,IMMUNEONCO-B,HKEX,
01542,TAIZHOU WATER,HKEX,
01543,JOIN-SHARE,HKEX,
01545,DESIGN CAPITAL,HKEX,
01546,THELLOY DEV,HKEX,
01547,IBI GROUP HLDGS,HKEX,
01548,GENSCRIPT BIO,HKEX,
01549,EVER HARVEST GP,HKEX,
01551,GRCB,HKEX,
01552,BHCC HOLDING,HKEX,
01553,MAIKE TUBE,HKEX,
01555,MIE HOLDINGS,HKEX,
01556,CHINNEY KW,HKEX,
01557,K.H. GP HLDGS,HKEX,
01559,KWAN ON HLDGS,HKEX,
01560,STAR GROUP ASIA,HKEX,
01561,PAN ASIA DATA H,HKEX,
01563,ALLI INTL ED LE,HKEX,
01565,VIRSCEND EDU,HKEX,
01566,CA CULTURAL,HKEX,
01568,SUNDART HLDGS,HKEX,
01569,MINSHENG EDU,HKEX,
01570,WEIYE HOLDINGS,HKEX,
01571,XIN POINT HOLD,HKEX,
01572,CHINA ART FIN,HKEX,
01575,REGAL PARTNERS,HKEX,
01576,QILU EXPRESSWAY,HKEX,
01577,HUIXIN CREDIT,HKEX,
01578,BANK OF TIANJIN,HKEX,
01579,YIHAI INTL,HKEX,
01580,DA SEN HLDGS,HKEX,
01581,PROGRESSIVE P,HKEX,
01582,CR CONSTRUCTION,HKEX,
01583,QINQIN FOODS,HKEX,
01585,YADEA,HKEX,
01586,LEON INSPECTION,HKEX,
01587,SHINEROAD INTL,HKEX,
01588,CHANJET,HKEX,
01591,SHUN WO GROUP,HKEX,
01592,ANCHORSTONE,HKEX,
01593,CHEN LIN EDU,HKEX,
01596,YICHEN IND,HKEX,
01597,NATURE ENERGY T,HKEX,
01598,21CENTURY EDU,HKEX,
01599,UCD,HKEX,
01600,TIAN LUN GAS,HKEX,
01601,ZGC TEC LEASING,HKEX,
01606,CDB LEASING,HKEX,
01608,VPOWER GROUP,HKEX,
01610,COFCO JOYCOME,HKEX,
01611,SINOHOPE TECH,HKEX,
01612,VINCENT MED,HKEX,
01613,SYNERTONE,HKEX,
01615,AB BUILDERS,HKEX,
01616,A METAVERSE,HKEX,
01617,NANFANG COMM,HKEX,
01618,MCC,HKEX,
01620,CINESE INTL,HKEX,
01621,VICO INTL HLDGS,HKEX,
01622,REDCO GROUP,HKEX,
01623,HILONG,HKEX,
01626,JIA YAO HLDGS,HKEX,
01627,ABLE ENG HLDGS,HKEX,
01628,YUZHOU GROUP,HKEX,
01629,CHAMP ALLI INTL,HKEX,
01630,KIN SHING HLDGS,HKEX,
01631,REF HOLDINGS,HKEX,
01632,MSCTECH,HKEX,
01633,SHEUNG YUE GP,HKEX,
01635,DZUG,HKEX,
01636,CMRU,HKEX,
01637,SH GROUP HLDG,HKEX,
01638,KAISA GROUP,HKEX,
01640,QIAN XUN TECH,HKEX,
01641,HX COLDCHAIN,HKEX,
01643,MODERN CHI MED,HKEX,
01645,HAINA INTEL,HKEX,
01647,GRANDSHORES,HKEX,
01650,HYGIEIA GROUP,HKEX,
01651,TSUGAMI CHINA,HKEX,
01652,FUSEN PHARM,HKEX,
01653,MOS HOUSE,HKEX,
01655,OKURA HOLDINGS,HKEX,
01656,ISDN HOLDINGS,HKEX,
01657,SG GROUP HLDGS,HKEX,
01658,PSBC,HKEX,
01660,SEVEN ELEMENTS,HKEX,
01661,CH FRONTIER TEC,HKEX,
01662,YEE HOP HLDGS,HKEX,
01663,S HARBOURHOLD,HKEX,
01666,TONG REN TANG,HKEX,
01667,DIMMI LIFE HLDG,HKEX,
01668,CHINASOUTHCITY,HKEX,
01669,GIC GROUP,HKEX,
01671,TIANBAO ENERGY,HKEX,
01672,ASCLETIS-B,HKEX,
01673,HUAZHANG TECH,HKEX,
01675,ASIAINFO TECH,HKEX,
01676,GAODI HOLDINGS,HKEX,
01679,RISECOMM GP,HKEX,
01680,MACAU LEGEND,HKEX,
01681,CONSUN PHARMA,HKEX,
01682,HP LIVING TECH,HKEX,
01683,HOPE LIFE INT,HKEX,
01685,BOER POWER,HKEX,
01686,SUNEVISION,HKEX,
01689,HUAXIHOLDINGS,HKEX,
01690,LAP KEI ENGRG,HKEX,
01691,JS GLOBAL LIFE,HKEX,
01692,TOWNRAY HLDGS,HKEX,
01693,BGMC,HKEX,
01695,S&P INTL HLDG,HKEX,
01696,SISRAM MED,HKEX,
01697,SDITC,HKEX,
01698,TME-SW,HKEX,
01701,TU YI HLDG,HKEX,
01702,DONGGUANG CHEM,HKEX,
01703,WELIFE TECH,HKEX,
01705,B & S INTL HLDG,HKEX,
01707,GEOTECH HLDGS,HKEX,
01708,SAMPLE TECH,HKEX,
01709,DL HOLDINGS GP,HKEX,
01710,TRIO IND ELEC,HKEX,
01711,ULFERTS,HKEX,
01712,DRAGON MINING,HKEX,
01713,SICHUAN EN INV,HKEX,
01715,AI HEALTH TECH,HKEX,
01716,MOST KWAI CHUNG,HKEX,
01717,AUSNUTRIA,HKEX,
01718,WAN KEI GROUP,HKEX,
01719,CIL GROUP,HKEX,
01720,PUTIAN COMM,HKEX,
01721,FSM HOLDINGS,HKEX,
01722,KIN PANG HLDGS,HKEX,
01723,MOON INC,HKEX,
01725,C STRATEGIC TEC,HKEX,
01726,HKE HOLDINGS,HKEX,
01727,HEBEI CONS,HKEX,
01728,ZHENGTONGAUTO,HKEX,
01729,TIME INTERCON,HKEX,
01731,PROSPEROUS IND,HKEX,
01732,XIANGXING INT,HKEX,
01733,E-COMMODITIES,HKEX,
01735,CENTRAL NEW EGY,HKEX,
01736,PARENTING NET,HKEX,
01737,A & S GROUP,HKEX,
01738,FS ANTHRACITE,HKEX,
01739,QEEKA HOME,HKEX,
01740,VALUES CULTURAL,HKEX,
01741,SHING CHI HLDGS,HKEX,
01742,HPC HOLDINGS,HKEX,
01745,LVJI TECH,HKEX,
01746,MAN SHUN GP,HKEX,
01747,HOME CONTROL,HKEX,
01748,XIN YUAN ENT,HKEX,
01749,SHANSHAN,HKEX,
01750,REM GROUP HLDGS,HKEX,
01751,KINGLAND GROUP,HKEX,
01752,TOP EDUCATION,HKEX,
01753,DUIBA,HKEX,
01755,S-ENJOY SERVICE,HKEX,
01756,CHI SCI&EDU IND,HKEX,
01757,AFFLUENT FDN,HKEX,
01758,BOJUN EDU,HKEX,
01759,SINO GAS HLDGS,HKEX,
01760,INTRON TECH,HKEX,
01762,WANKA ONLINE,HKEX,
01763,CIRC,HKEX,
01765,XJ INTL HLDGS,HKEX,
01766,CRRC,HKEX,
01767,TS WONDERS,HKEX,
01768,BUSYMING,HKEX,
01769,SCHOLAR EDU,HKEX,
01771,SUNFONDA GP,HKEX,
01772,GANFENGLITHIUM,HKEX,
01773,TIANLI INT HLDG,HKEX,
01775,BEXCELLENT GP,HKEX,
01776,GF SEC,HKEX,
01777,FANTASIA,HKEX,
01778,COLOUR LIFE,HKEX,
01780,RONGZUN INT'L H,HKEX,
01782,IB DIGITAL TECH,HKEX,
01783,ENVISION GREEN,HKEX,
01785,CHENGDU EXPWAY,HKEX,
01786,CRCCE,HKEX,
01787,SD GOLD,HKEX,
01788,GUOTAI JUNAN I,HKEX,
01789,AK MEDICAL,HKEX,
01790,TIL ENVIRO,HKEX,
01792,CMON,HKEX,
01793,WECON HOLDINGS,HKEX,
01795,YADONG GROUP,HKEX,
01796,METASPACEX,HKEX,
01797,EAST BUY,HKEX,
01798,DATANG RENEW,HKEX,
01799,XINTE ENERGY,HKEX,
01800,CHINA COMM CONS,HKEX,
01801,INNOVENT BIO,HKEX,
01802,WENYE GROUP,HKEX,
01803,BJ SPORTS & ENT,HKEX,
01808,ENTERPRISE DEV,HKEX,
01809,PRINX CHENGSHAN,HKEX,
01810,XIAOMI-W,HKEX,
01811,CGN NEW ENERGY,HKEX,
01812,CHENMING PAPER,HKEX,
01813,KWG GROUP,HKEX,
01815,EVEREST GOLD,HKEX,
01816,CGN POWER,HKEX,
01817,MULSANNE GROUP,HKEX,
01818,ZHAOJIN MINING,HKEX,
01820,PM PACKAGING,HKEX,
01822,CHINA WOOD INT,HKEX,
01823,HUAYUEXPRESSWAY,HKEX,
01825,STERLING GP,HKEX,
01826,FDB HOLDINGS,HKEX,
01827,MIRICOR,HKEX,
01828,FWD,HKEX,
01830,PERFECT MEDICAL,HKEX,
01831,SHIFANG HLDG,HKEX,
01832,SAI LEISURE,HKEX,
01833,PA GOODDOCTOR,HKEX,
01835,REALWAY CAPITAL,HKEX,
01836,STELLA HOLDINGS,HKEX,
01837,NATURAL FOOD IH,HKEX,
01841,A.PLUS GROUP,HKEX,
01842,GROWN UP GROUP,HKEX,
01843,SNACK EMPIRE,HKEX,
01845,WG ENV TECH,HKEX,
01846,EUROEYES,HKEX,
01847,GHPC,HKEX,
01848,CALC,HKEX,
01849,AM GROUP,HKEX,
01850,HSC RESOURCES,HKEX,
01851,GINGKO EDU,HKEX,
01853,CHUNCHENG HEAT,HKEX,
01854,CHINA WANTIAN,HKEX,
01855,ZONQING LTD,HKEX,
01856,ERNEST BOREL,HKEX,
01857,CEB WATER,HKEX,
01858,CHUNLI MEDICAL,HKEX,
01860,MOBVISTA,HKEX,
01861,PRECIOUS DRAGON,HKEX,
01862,JINGRUI HLDGS,HKEX,
01863,CHI LONGEVITY,HKEX,
01865,PENGO HLDG GP,HKEX,
01866,CHINA XLX FERT,HKEX,
01867,STD DEV GROUP,HKEX,
01868,NEO-NEON,HKEX,
01869,KAFELAKU COFFEE,HKEX,
01870,ACME INTL HLDGS,HKEX,
01871,CHINA ORIENTED,HKEX,
01872,GUAN CHAO HLDGS,HKEX,
01873,VIVA BIOTECH,HKEX,
01875,BIODLINK-B,HKEX,
01876,BUD APAC,HKEX,
01877,JUNSHI BIO,HKEX,
01878,SOUTHGOBI,HKEX,
01880,CTG DUTY-FREE,HKEX,
01882,HAITIAN INT'L,HKEX,
01883,CITIC TELECOM,HKEX,
01884,EPRINT GROUP,HKEX,
01888,KB LAMINATES,HKEX,
01889,SANAI HEALTH GP,HKEX,
01890,CHINA KEPEI,HKEX,
01891,HENG HUP,HKEX,
01894,HANG YICK-NEW,HKEX,
01895,XINYUAN PM,HKEX,
01896,MAOYAN ENT,HKEX,
01897,MILLIONHOPE IND,HKEX,
01898,CHINA COAL,HKEX,
01899,XINGDA INT'L,HKEX,
01900,CHINA ITS,HKEX,
01901,FEIYANG GROUP,HKEX,
01903,JBB BUILDERS,HKEX,
01905,HAITONG UT,HKEX,
01906,BONNY HLDG,HKEX,
01907,CHINA RISUN GP,HKEX,
01908,C&D INTL GROUP,HKEX,
01909,FIRE ROCK,HKEX,
01910,SAMSONITE,HKEX,
01911,CR HOLDINGS,HKEX,
01912,CONTEL,HKEX,
01913,PRADA,HKEX,
01915,TAIHE M-FIN,HKEX,
01916,JIANGXI BANK,HKEX,
01917,DOUMOB,HKEX,
01918,SUNAC,HKEX,
01919,COSCO SHIP HOLD,HKEX,
01920,CHINA WACAN,HKEX,
01921,DALIPAL HLDG,HKEX,
01922,RUISEN LIFE SER,HKEX,
01925,KWUNGS AROMA,HKEX,
01927,JIUJIUWANG,HKEX,
01928,SANDS CHINA LTD,HKEX,
01929,CHOW TAI FOOK,HKEX,
01930,SHINELONG,HKEX,
01931,ETHK LABS INC.,HKEX,
01932,CPM GROUP,HKEX,
01933,ONEFORCE HLDGS,HKEX,
01935,JH EDUCATION,HKEX,
01936,RITAMIX,HKEX,
01937,JIACHEN HOLDING,HKEX,
01938,CHU KONG PIPE,HKEX,
01939,SHANGSHAN GOLD,HKEX,
01940,CGII HLDGS,HKEX,
01941,YE XING GROUP,HKEX,
01942,MOG DIGITECH,HKEX,
01943,KING'S STONE,HKEX,
01945,ZERO2IPO,HKEX,
01947,MEIHAO GROUP,HKEX,
01948,UJU HOLDING,HKEX,
01949,PLATT NERA,HKEX,
01950,DIWANG IND H,HKEX,
01951,JXR,HKEX,
01952,EVEREST MED,HKEX,
01953,RIMBACO,HKEX,
01955,JOHNSON HLDGS,HKEX,
01957,MBV INTL,HKEX,
01958,BAIC MOTOR,HKEX,
01959,CENT UNIT HLDG,HKEX,
01960,TBKS HLDGS,HKEX,
01961,INFINITIES TECH,HKEX,
01962,EVERGREEN PG,HKEX,
01963,BCQ,HKEX,
01965,LANDSEA LIFE,HKEX,
01966,CHINA SCE GROUP,HKEX,
01967,CONFIDENCE IN,HKEX,
01968,HINGTEX HLDGS,HKEX,
01969,CHINA CHUNLAI,HKEX,
01970,IMAX CHINA,HKEX,
01971,RSUN SER,HKEX,
01972,SWIREPROPERTIES,HKEX,
01973,TIAN TU CAPITAL,HKEX,
01975,SUN HING PRINT,HKEX,
01977,ANALOGUE HLDGS,HKEX,
01978,LH GROUP,HKEX,
01979,TEN PAO GROUP,HKEX,
01980,TIANGE,HKEX,
01981,CATHAY GP HLDGS,HKEX,
01982,NAMESON HLDGS,HKEX,
01983,LUZHOU BANK,HKEX,
01985,MICROWARE,HKEX,
01986,TSAKER NE,HKEX,
01987,BENG SOON MACH,HKEX,
01988,MINSHENG BANK,HKEX,
01991,TA YANG GROUP,HKEX,
01993,ASIARAY,HKEX,
01995,ES SERVICES,HKEX,
01996,RSUN PPT,HKEX,
01997,WHARF REIC,HKEX,
01999,MAN WAH HLDGS,HKEX,
02000,SIM TECH,HKEX,
02001,NEW HIGHER EDU,HKEX,
02002,SUNSHINE PAPER,HKEX,
02003,VCREDIT,HKEX,
02005,SSY GROUP,HKEX,
02007,COUNTRY GARDEN,HKEX,
02008,PHOENIX TV,HKEX,
02009,BBMG,HKEX,
02011,GILSTON GROUP,HKEX,
02012,SUNSHINE OIL,HKEX,
02013,WEIMOB INC,HKEX,
02015,LI AUTO-W,HKEX,
02016,CZBANK,HKEX,
02017,CHANHIGH,HKEX,
02018,AAC TECH,HKEX,
02020,ANTA SPORTS,HKEX,
02022,DIGIT HOLLYWOOD,HKEX,
02023,CHINA LUDAO,HKEX,
02025,RUIFENG POWER,HKEX,
02026,PONY-W,HKEX,
02028,JOLIMARK,HKEX,
02030,CABBEEN,HKEX,
02031,AUSUPREME,HKEX,
02033,TIME WATCH,HKEX,
02038,FIH,HKEX,
02039,CIMC,HKEX,
02048,E-HOUSE ENT,HKEX,
02050,SANHUA,HKEX,
02051,VALA,HKEX,
02057,ZTO EXPRESS-W,HKEX,
02068,CHALIECO,HKEX,
02076,BOSS ZHIPIN-W,HKEX,
02078,PANASIALUM,HKEX,
02080,AUX INTL,HKEX,
02086,LEADWAY TECH,HKEX,
02088,XIWANG PROPERTY,HKEX,
02096,SIMCERE PHARMA,HKEX,
02097,MIXUE GROUP,HKEX,
02098,ZALL SMARTCOM,HKEX,
02099,CHINAGOLDINTL,HKEX,
02100,BAIOO,HKEX,
02101,FULU HOLDINGS,HKEX,
02102,TAK LEE MACH,HKEX,
02105,LAEKNA-B,HKEX,
02107,FIRST SERVICE,HKEX,
02108,K2 F&B,HKEX,
02110,TIAN CHENG HLDG,HKEX,
02111,BEST PACIFIC,HKEX,
02112,GRACE LIFE-TECH,HKEX,
02113,CENTURY GP INTL,HKEX,
02116,JS INNOV,HKEX,
02119,TSIT WING INTL,HKEX,
02120,KN HOSPITAL,HKEX,
02121,AINNOVATION,HKEX,
02122,KIDSLAND INTL,HKEX,
02125,STRAWBEAR ENT,HKEX,
02126,JW THERAP-B,HKEX,
02127,HUISEN SHARES,HKEX,
02128,CHINA LESSO,HKEX,
02129,LEGION CONSO,HKEX,
02130,CN LOGISTICS,HKEX,
02131,NETJOY,HKEX,
02132,LANDRICH HLDG,HKEX,
02135,RAILY AESMED,HKEX,
02136,LIFESTYLE CHI,HKEX,
02137,BRII-B,HKEX,
02138,EC HEALTHCARE,HKEX,
02139,BANK OF GANSU,HKEX,
02142,HBM HOLDINGS-B,HKEX,
02145,CHICMAX,HKEX,
02146,ROISERV,HKEX,
02147,ZHENGWEI GROUP,HKEX,
02149,BATELAB,HKEX,
02150,NAYUKI,HKEX,
02152,SUXIN SERVICES,HKEX,
02153,TAT HONG EQUIP,HKEX,
02155,MORIMATSU INTL,HKEX,
02156,C&D PROPERTY,HKEX,
02157,LEPU BIO-B,HKEX,
02158,YIDU TECH,HKEX,
02159,MEDIWELCOME,HKEX,
02160,MP CARDIOFLOW-B,HKEX,
02161,JBM HEALTHCARE,HKEX,
02162,KEYMED BIO-B,HKEX,
02163,BROAD HOMES,HKEX,
02165,LING YUE SER GP,HKEX,
02166,SMART-CORE,HKEX,
02167,TI CLOUD,HKEX,
02168,KAISA PROSPER,HKEX,
02169,CANGGANGRAILWAY,HKEX,
02170,BASECARE-B,HKEX,
02171,CARSGEN-B,HKEX,
02172,MICROPORT NEURO,HKEX,
02175,CH GENERAL EDU,HKEX,
02176,CCID CONSULTING,HKEX,
02177,UNQ HOLDINGS,HKEX,
02178,PETRO-KING,HKEX,
02179,RECBIO-B,HKEX,
02180,MANPOWER GRC,HKEX,
02181,MABPHARM-B,HKEX,
02182,TIAN CHANG GP,HKEX,
02185,BIOHEART-B,HKEX,
02186,LUYE PHARMA,HKEX,
02187,ZHIXIN GP HLDG,HKEX,
02188,TITANS ENERGY,HKEX,
02189,KATO (HK) HLDGS,HKEX,
02190,ZYLOXTB,HKEX,
02192,MEDLIVE,HKEX,
02193,MAN KING HOLD,HKEX,
02195,UNITY ENT,HKEX,
02196,FOSUN PHARMA,HKEX,
02197,CLOVER BIO-B,HKEX,
02198,CHINA SANJIANG,HKEX,
02199,REGINA MIRACLE,HKEX,
02202,CHINA VANKE,HKEX,
02203,BRAINHOLE TECH,HKEX,
02205,KANGQIAO SER,HKEX,
02208,GOLDWIND,HKEX,
02209,YESASIA HLDGS,HKEX,
02210,BEIJING JIAYE,HKEX,
02211,UNI HEALTH,HKEX,
02212,FB MINING,HKEX,
02215,DEXIN SER GROUP,HKEX,
02216,BRONCUS-B,HKEX,
02218,ANDRE JUICE,HKEX,
02219,CHAOJU EYE CARE,HKEX,
02221,NEW CONCEPTS,HKEX,
02222,NVC INTL,HKEX,
02223,CASABLANCA,HKEX,
02225,JINHAI MED TECH,HKEX,
02226,HONWORLD GP,HKEX,
02227,SOLIS HOLDINGS,HKEX,
02228,XTALPI,HKEX,
02230,MEDIALINK GROUP,HKEX,
02231,JY GRANDMARK,HKEX,
02232,CRYSTAL INTL,HKEX,
02233,WESTCHINACEMENT,HKEX,
02235,MICROTECH MED-B,HKEX,
02236,WISON ENGRG,HKEX,
02237,CHINA GRAPHITE,HKEX,
02238,GAC GROUP,HKEX,
02239,SMIT,HKEX,
02245,LYGEND RESOURCE,HKEX,
02246,GOGOX,HKEX,
02250,B.DUCK SEMK,HKEX,
02251,AIRDOC-B,HKEX,
02252,MEDBOT-B,HKEX,
02255,HAICHANG HLDG,HKEX,
02256,ABBISKO-B,HKEX,
02257,SIRNAOMICS-B,HKEX,
02258,WATTS INT'L,HKEX,
02259,ZIJIN GOLD INTL,HKEX,
02260,VANOV HOLDINGS,HKEX,
02262,SLD GROUP,HKEX,
02263,FU SHEK FIN,HKEX,
02265,HC ENV TECH,HKEX,
02266,LAI SI ENT,HKEX,
02268,WUXI XDC,HKEX,
02269,WUXI BIO,HKEX,
02270,DESUN SERVICES,HKEX,
02271,ZHONGAN SERVICE,HKEX,
02273,GUSHENGTANG,HKEX,
02276,CONANT OPTICAL,HKEX,
02279,YONGHE MEDICAL,HKEX,
02280,HC GROUP,HKEX,
02281,XINGLU WATER,HKEX,
02282,MGM CHINA,HKEX,
02283,TK GROUP HLDG,HKEX,
02285,CHERVON,HKEX,
02286,CHEN XING,HKEX,
02288,RYKADAN CAPITAL,HKEX,
02289,CHARMACY PHAR,HKEX,
02291,SCIENTECH,HKEX,
02293,BAMBOOSHEALTH,HKEX,
02295,MAXICITY,HKEX,
02297,RAINMED-B,HKEX,
02298,COSMO LADY,HKEX,
02299,BILLION IND,HKEX,
02302,CNNC INT'L,HKEX,
02306,YH ENT,HKEX,
02307,KAM HING INT'L,HKEX,
02309,ZO FUTURE GROUP,HKEX,
02310,TIMES UNI GP,HKEX,
02313,SHENZHOU INTL,HKEX,
02314,LEE & MAN PAPER,HKEX,
02315,BIOCYTOGEN-B,HKEX,
02317,VEDAN INT'L,HKEX,
02318,PING AN,HKEX,
02319,MENGNIU DAIRY,HKEX,
02320,HOP FUNG GROUP,HKEX,
02321,SWANGCHAICHUAN,HKEX,
02322,MODERN INNO DT,HKEX,
02323,RENCO HOLDINGS,HKEX,
02325,YUNKANG GROUP,HKEX,
02326,NPE HOLDINGS,HKEX,
02327,MEILLEUREHEALTH,HKEX,
02328,PICC P&C,HKEX,
02329,GLORY HEALTH,HKEX,
02330,CHINA UPTOWN,HKEX,
02331,LI NING,HKEX,
02333,GWMOTOR,HKEX,
02336,SHUOAO INTL,HKEX,
02337,UNITED STRENGTH,HKEX,
02338,WEICHAI POWER,HKEX,
02339,BWI INT'L,HKEX,
02340,ISP HOLDINGS,HKEX,
02342,COMBA,HKEX,
02343,PACIFIC BASIN,HKEX,
02347,YOHO GROUP,HKEX,
02348,DAWNRAYS PHARMA,HKEX,
02349,CH CITY INFRA,HKEX,
02350,MTT GROUP,HKEX,
02352,DOWELL SERVICE,HKEX,
02355,BAOYE GROUP,HKEX,
02356,DAHSING BANKING,HKEX,
02357,AVICHINA,HKEX,
02358,JIU RONG HOLD,HKEX,
02359,WUXI APPTEC,HKEX,
02360,BEST MART 360,HKEX,
02361,SINOHEALTH HLDG,HKEX,
02362,JINCHUAN INTL,HKEX,
02363,TONGDA HONG TAI,HKEX,
02367,GIANT BIOGENE,HKEX,
02368,EAGLE NICE,HKEX,
02369,COOLPAD GROUP,HKEX,
02370,REDCO HEALTHY,HKEX,
02371,CHUANGLIAN HOLD,HKEX,
02372,WEILI HOLDINGS,HKEX,
02373,BEAUTYFARM MED,HKEX,
02376,LUSHANGSERVICES,HKEX,
02377,BOQI ENV,HKEX,
02378,PRU,HKEX,
02380,CHINA POWER,HKEX,
02381,SMC ELECTRIC,HKEX,
02382,SUNNY OPTICAL,HKEX,
02383,TOM GROUP,HKEX,
02385,READBOY,HKEX,
02386,SINOPEC SEG,HKEX,
02388,BOC HONG KONG,HKEX,
02389,BJ HEALTH,HKEX,
02390,ZHIHU-W,HKEX,
02391,TUYA-W,HKEX,
02392,XUANWU CLOUD,HKEX,
02393,YESTAR HEALTH,HKEX,
02396,B&K CORP-B,HKEX,
02399,CN ANCHU ENERGY,HKEX,
02400,XD INC,HKEX,
02402,SINOHYTEC,HKEX,
02405,POWERWIN TECH,HKEX,
02407,GAUSH MEDITECH,HKEX,
02408,XIAO NOODLES,HKEX,
02409,SEACON,HKEX,
02410,TYK MEDICINES-B,HKEX,
02411,PAGODA GP,HKEX,
02415,MEDSCI,HKEX,
02416,EDIANYUN,HKEX,
02418,DEEWIN,HKEX,
02419,DEKON AGR,HKEX,
02420,ZIBUYU,HKEX,
02421,KRP DEVELOPMENT,HKEX,
02422,REGO INTERACT,HKEX,
02423,BEKE-W,HKEX,
02425,AUSTASIA GROUP,HKEX,
02427,GUANZE MEDICAL,HKEX,
02429,UBOX ONLINE,HKEX,
02431,MINIEYE,HKEX,
02432,DOBOT,HKEX,
02433,ZT HN GROUP,HKEX,
02436,LX TECHNOLOGY,HKEX,
02438,MOBVOI,HKEX,
02439,CH TREASURES NM,HKEX,
02440,MEMESTRATEGY,HKEX,
02442,EASY SMART GP,HKEX,
02443,AUTOSTREETS,HKEX,
02450,HUAIBEI GD CO,HKEX,
02451,LUYUAN GP HLDG,HKEX,
02453,CONCORD HC GP,HKEX,
02455,RUNHUA SERVICE,HKEX,
02457,BUYANG INTL,HKEX,
02458,GALA TECH HOLD,HKEX,
02459,SANERGY GROUP,HKEX,
02460,CR BEVERAGE,HKEX,
02465,LOPAL TECH,HKEX,
02469,FENBI,HKEX,
02473,XXF,HKEX,
02477,WELLCELL HOLD,HKEX,
02479,TIANJUDIHE,HKEX,
02480,LUZHU BIOTECH-B,HKEX,
02481,WISE LIVING TEC,HKEX,
02482,LOGORY,HKEX,
02483,K CASH,HKEX,
02486,PLUS GP HOLDING,HKEX,
02487,CUTIA-B,HKEX,
02488,LAUNCH TECH,HKEX,
02489,PERSISTENCEGOLD,HKEX,
02490,LC LOGISTICS,HKEX,
02495,VOICECOMM,HKEX,
02496,YZYBIO-B,HKEX,
02497,FUJING HOLDINGS,HKEX,
02498,ROBOSENSE,HKEX,
02499,FOLANGSI,HKEX,
02500,VENUS MEDTECH-B,HKEX,
02501,MAIYUE TECH,HKEX,
02502,JINYUAN HCHEM,HKEX,
02503,ZHONGSHENJIANYE,HKEX,
02505,EDA GROUP HLDGS,HKEX,
02506,XUNFEIHEALTH,HKEX,
02507,CIRRUS,HKEX,
02508,SAINT BELLA,HKEX,
02509,QYUNS-B,HKEX,
02510,TS LINES,HKEX,
02511,HIGHTIDE-B,HKEX,
02512,CLOUD FACTORY,HKEX,
02513,KNOWLEDGE ATLAS,HKEX,
02515,TJCD,HKEX,
02516,FAR INTL,HKEX,
02517,GUOQUAN,HKEX,
02518,AUTOHOME-S,HKEX,
02519,AUGROUP,HKEX,
02520,SHANXI INSTALL,HKEX,
02521,SHENGHUI CLEAN,HKEX,
02522,RIMAG GROUP,HKEX,
02525,HESAI-W,HKEX,
02528,FW FASHION INT,HKEX,
02529,HOLLWIN URBAN,HKEX,
02530,NUMANS,HKEX,
02531,CARLINK TECH,HKEX,
02533,BLACK SESAME,HKEX,
02535,WK GROUP,HKEX,
02536,PALASINO,HKEX,
02539,LEMO SERVICES,HKEX,
02540,LESI GROUP,HKEX,
02543,DAHON TECH,HKEX,
02545,ZHONGGAN COMM,HKEX,
02546,ZHIHUI MINING,HKEX,
02549,CAROTE LTD,HKEX,
02550,EASOU TECH,HKEX,
02551,APT ELECTRONICS,HKEX,
02552,HUA MEDICINE-B,HKEX,
02555,CHABAIDAO,HKEX,
02556,MARKETINGFORCE,HKEX,
02558,JINSHANG BANK,HKEX,
02559,DIDA INC,HKEX,
02560,CONCH MAT TECH,HKEX,
02561,VISEN PHARMA-B,HKEX,
02562,SYNAGISTICS,HKEX,
02563,BIOSTAR PHARM-B,HKEX,
02565,PEGBIO CO-B,HKEX,
02566,JIUYUAN GENE,HKEX,
02567,QINIU,HKEX,
02569,SOFT INTL,HKEX,
02570,REFIRE,HKEX,
02571,SAIMO,HKEX,
02573,NEWTREND GROUP,HKEX,
02575,XUANZHUBIO-B,HKEX,
02576,TAIMEI TECH,HKEX,
02577,INNOSCIENCE,HKEX,
02579,CNGR,HKEX,
02580,AUX ELECTRIC,HKEX,
02581,BENQ HOLDING,HKEX,
02582,GUOFUHEE,HKEX,
02583,HIPINE,HKEX,
02585,MOKINGRAN,HKEX,
02586,DMALL,HKEX,
02587,HEALTHYWAY INC,HKEX,
02588,BOC AVIATION,HKEX,
02589,AUNTEA JENNY,HKEX,
02590,GEEKPLUS-W,HKEX,
02591,INNOGEN-B,HKEX,
02592,CLOUDBREAK-B,HKEX,
02593,HERBS GROUP,HKEX,
02595,GENFLEET-B,HKEX,
02596,YIBIN BANK,HKEX,
02597,XUNZHONG,HKEX,
02598,LIANLIAN,HKEX,
02600,CHALCO,HKEX,
02601,CPIC,HKEX,
02602,ONEWO,HKEX,
02603,JIHONG CO,HKEX,
02605,METALIGHT,HKEX,
02607,SH PHARMA,HKEX,
02608,SUNSHINE 100,HKEX,
02609,BAYZED HEALTH,HKEX,
02610,NANSHAN AL INTL,HKEX,
02611,GTHT,HKEX,
02613,CONTIOCEAN,HKEX,
02616,CSTONE PHARMA-B,HKEX,
02617,TRANSTHERA-B,HKEX,
02618,JD LOGISTICS,HKEX,
02619,XJ ELECTRICS,HKEX,
02621,SHOUHUI GROUP,HKEX,
02623,ADD NEW ENERGY,HKEX,
02625,JIANGSU HORIZON,HKEX,
02627,AB&B BIO-TECH-B,HKEX,
02628,CHINA LIFE,HKEX,
02629,MIRXES-B,HKEX,
02630,VIGONVITA-B,HKEX,
02631,SICC,HKEX,
02633,JACOBSON PHARMA,HKEX,
02635,NUOBIKAN,HKEX,
02637,HAIXI PHARMA,HKEX,
02638,HKELECTRIC-SS,HKEX,
02643,CAOCAO INC,HKEX,
02648,ANJOY FOOD,HKEX,
02650,ZHIDA TECH,HKEX,
02651,DAZHONG DENTAL,HKEX,
02652,CF PHARMTECH,HKEX,
02655,GUOXIA TECH,HKEX,
02656,160 HEALTH,HKEX,
02657,FOREST CABIN,HKEX,
02658,TIANYU SEMI,HKEX,
02659,BAO PHARMA-B,HKEX,
02660,ZENGAME,HKEX,
02661,QINGSONG HEALTH,HKEX,
02663,KPA-BM HLDGS,HKEX,
02665,SEYOND,HKEX,
02666,UNI MEDICAL,HKEX,
02668,PAK TAK INT'L,HKEX,
02669,CHINA OVS PPT,HKEX,
02670,YUNJI,HKEX,
02671,USAS BUILDING,HKEX,
02675,EDGE MEDICAL-B,HKEX,
02676,NOVOSENSE,HKEX,
02677,DISTINCT HEALTH,HKEX,
02678,TEXHONG INTL GP,HKEX,
02680,INNOVAX HLDGS,HKEX,
02682,YUN LEE MARINE,HKEX,
02683,WAHSUN HANDBAGS,HKEX,
02685,QUANTGROUP,HKEX,
02687,ABLE DIGITAL,HKEX,
02688,ENN ENERGY,HKEX,
02689,ND PAPER,HKEX,
02691,NANHUA FUTURES,HKEX,
02693,JINYAN KAOLIN,HKEX,
02695,IMPRESSION DHP,HKEX,
02696,HENLIUS,HKEX,
02698,SOFTCARE,HKEX,
02699,XINMING CHINA,HKEX,
02700,GREEN INTL HLDG,HKEX,
02706,HAIZHI TECH GP,HKEX,
02714,MUYUAN,HKEX,
02718,MININGLAMP-W,HKEX,
02720,RIDGE OUTDOOR,HKEX,
02722,CHONGQING M&E,HKEX,
02727,SH ELECTRIC,HKEX,
02728,JINTAI ENERGY H,HKEX,
02738,HUAJIN INTL,HKEX,
02768,GON TECHNOLOGY,HKEX,
02772,ZHONGLIANG HLDG,HKEX,
02777,R&F PROPERTIES,HKEX,
02779,CH XINHUA EDU,HKEX,
02788,CHUANGXIN IND,HKEX,
02789,YUANDA CHINA,HKEX,
02798,PER ENERGY,HKEX,
02799,CITIC FAMC,HKEX,
02858,YIXIN,HKEX,
02863,GOLDEN FAITH GP,HKEX,
02865,DRINDA,HKEX,
02866,COSCO SHIP DEV,HKEX,
02869,GREENTOWN SER,HKEX,
02877,SHINEWAY PHARM,HKEX,
02878,SOLOMON SYSTECH,HKEX,
02880,LIAONING PORT,HKEX,
02881,WUHAN YOUJI,HKEX,
02882,3DG HOLDINGS,HKEX,
02883,CHINA OILFIELD,HKEX,
02885,PEIPORT HOLD,HKEX,
02886,BINHAI INV,HKEX,
02888,STANCHART,HKEX,
02889,PATEO,HKEX,
02892,MILLION CITIES,HKEX,
02898,SUNHO BIO-B,HKEX,
02899,ZIJIN MINING,HKEX,
02904,HKC INT'L-OLD,HKEX,
02905,HANG YICK-OLD,HKEX,
02907,C SMARTEREN-OLD,HKEX,
02911,CIDI,HKEX,
02912,KWAN ON RTS,HKEX,
02913,HANG YICK RTS,HKEX,
02917,HKC INT'L RTS,HKEX,
02918,MP CARDIOFLOW-B,HKEX,
02919,LINGBAOGOLD-1K,HKEX,
02921,MINTH GROUP-2K,HKEX,
02923,CCT FORTIS,HKEX,
02925,WANJIAGROUP RTS,HKEX,
03200,HANS CNC,HKEX,
03288,HAITIAN FLAV,HKEX,
03300,CHINA GLASS,HKEX,
03301,RONSHINECHINA,HKEX,
03302,KINERGY,HKEX,
03303,JUTAL OIL SER,HKEX,
03306,JNBY,HKEX,
03309,C-MER MEDICAL,HKEX,
03311,CHINA STATE CON,HKEX,
03313,ARTGO HOLDINGS,HKEX,
03315,GOLDPAC GROUP,HKEX,
03316,BINJIANG SER,HKEX,
03317,XUNCE,HKEX,
03318,CHINA BOTON,HKEX,
03319,A-LIVING,HKEX,
03320,CHINARES PHARMA,HKEX,
03321,WAI HUNG GROUP,HKEX,
03322,WIN HANVERKY,HKEX,
03323,CNBM,HKEX,
03328,BANKCOMM,HKEX,
03329,BOCOM INTL,HKEX,
03330,LINGBAOGOLD-100,HKEX,
03332,SINOLIFE UTD,HKEX,
03336,JU TENG INTL,HKEX,
03337,ANTON OILFIELD,HKEX,
03339,LONKING,HKEX,
03347,TIGERMED,HKEX,
03348,CHINA PENGFEI,HKEX,
03360,FE HORIZON,HKEX,
03363,ZHENGYE INT'L,HKEX,
03366,OCT (ASIA),HKEX,
03368,PARKSON GROUP,HKEX,
03369,QHD PORT,HKEX,
03377,SINO-OCEAN GP,HKEX,
03378,HANXBIO-B,HKEX,
03380,LOGAN GROUP,HKEX,
03382,TIANJINPORT DEV,HKEX,
03383,AGILE GROUP,HKEX,
03389,HENGDELI,HKEX,
03390,TYCOON GROUP,HKEX,
03393,WASION HOLDINGS,HKEX,
03395,JX ENERGY,HKEX,
03396,LEGENDHOLDING,HKEX,
03398,CHINA TING,HKEX,
03399,YUEYUN TRANS,HKEX,
03600,MODERN DENTAL,HKEX,
03601,LUDASHI,HKEX,
03603,XINJI SHAXI,HKEX,
03606,FUYAO GLASS,HKEX,
03613,TONGRENTANGCM,HKEX,
03616,EVER REACH GP,HKEX,
03618,CQRC BANK,HKEX,
03623,C SUCCESS FIN,HKEX,
03626,EAST NOVA HLDGS,HKEX,
03628,RENHENG ENT,HKEX,
03633,ZHONGYU ENERGY,HKEX,
03636,JINXUN RESOURCE,HKEX,
03638,HUNLICAR GROUP,HKEX,
03639,YIDA CHINA,HKEX,
03650,KEEP,HKEX,
03658,NEW HOPE SERV,HKEX,
03660,QFIN-S,HKEX,
03662,STARJOY W&T,HKEX,
03666,SHANGHAI XNG,HKEX,
03668,YANCOAL AUS,HKEX,
03669,YONGDA AUTO,HKEX,
03677,ZENERGY,HKEX,
03678,HOLLY FUTURES,HKEX,
03680,RUIHE DATA,HKEX,
03681,SINOMAB BIO-B,HKEX,
03683,GREAT HARVEST,HKEX,
03686,CLIFFORDML,HKEX,
03688,TOP SPRING,HKEX,
03689,KANGHUA HEALTH,HKEX,
03690,MEITUAN-W,HKEX,
03692,HANSOH PHARMA,HKEX,
03696,INSILICO,HKEX,
03698,HUISHANG BANK,HKEX,
03699,EB GRAND CHINA,HKEX,
03700,INKEVERSE,HKEX,
03708,CH SUPPLY CHAIN,HKEX,
03709,EEKA FASHION,HKEX,
03718,BJ ENT URBAN,HKEX,
03728,CHING LEE,HKEX,
03737,ZHONGZHIPHARM,HKEX,
03738,VOBILE GROUP,HKEX,
03750,CATL,HKEX,
03759,PHARMARON,HKEX,
03768,DCWT,HKEX,
03773,YS DIGIFAVOR,HKEX,
03778,CHINA WEAVING,HKEX,
03788,CHINA HANKING,HKEX,
03789,ROYAL DELUXE,HKEX,
03798,HOMELAND ITL,HKEX,
03800,GCL TECH,HKEX,
03808,SINOTRUK,HKEX,
03813,POU SHENG INT'L,HKEX,
03816,KFM KINGDOM,HKEX,
03818,CHINA DONGXIANG,HKEX,
03822,SAM WOO CONS,HKEX,
03828,MING FAI INT'L,HKEX,
03830,KIDDIELAND,HKEX,
03833,XINXIN MINING,HKEX,
03836,HARMONY AUTO,HKEX,
03838,CHINA STARCH,HKEX,
03839,CT ENTERPRISE,HKEX,
03848,HAOSEN FINTECH,HKEX,
03858,JIAXIN INTL RES,HKEX,
03860,EPS HEALTH TECH,HKEX,
03866,BQD,HKEX,
03868,XINYI ENERGY,HKEX,
03869,HOSPITAL CORP,HKEX,
03877,CSSC SHIPPING,HKEX,
03878,VICON HOLDINGS,HKEX,
03880,MEDTIDE,HKEX,
03881,CIDI,HKEX,
03882,SKYLIGHT HLDG,HKEX,
03883,CHINA AOYUAN,HKEX,
03886,TOWN HEALTH,HKEX,
03887,HASHKEY HLDGS,HKEX,
03888,KINGSOFT,HKEX,
03889,GLOBAL CORN GP,HKEX,
03893,CROSSTEC,HKEX,
03896,KINGSOFT CLOUD,HKEX,
03898,TIMES ELECTRIC,HKEX,
03899,CIMC ENRIC,HKEX,
03900,GREENTOWN CHINA,HKEX,
03903,HANHUA FIN,HKEX,
03908,CICC,HKEX,
03913,KWG LIVING,HKEX,
03918,NAGACORP,HKEX,
03919,GOLDENPOWER,HKEX,
03928,CHINA NEXT-GEN,HKEX,
03931,CALB,HKEX,
03933,UNITED LAB,HKEX,
03938,LFG INV HLDGS,HKEX,
03939,WANGUO GOLD GP,HKEX,
03958,DFZQ,HKEX,
03963,RONGZHONG FIN,HKEX,
03968,CM BANK,HKEX,
03969,CHINA CRSC,HKEX,
03978,BESTSTUDY EDU,HKEX,
03983,CHINA BLUECHEM,HKEX,
03986,GIGADEVICE,HKEX,
03988,BANK OF CHINA,HKEX,
03989,CAPITAL ENV,HKEX,
03990,MIDEA REAL EST,HKEX,
03991,CHANGHONG JH,HKEX,
03993,CMOC,HKEX,
03996,CH ENERGY ENG,HKEX,
03997,TSO,HKEX,
03998,BOSIDENG,HKEX,
03999,DACHAN FOOD,HKEX,
04621,CINDA 21USDPREF,HKEX,
06030,CITIC SEC,HKEX,
06031,SANY HEAVY IND,HKEX,
06033,TELECOM DIGIT,HKEX,
06036,APEX ACE HLDG,HKEX,
06038,G & M HLDGS,HKEX,
06049,POLY PPT SER,HKEX,
06055,CTIHK,HKEX,
06058,CISI FIN,HKEX,
06060,ZA ONLINE,HKEX,
06063,LOTUS HORIZON,HKEX,
06066,CSC,HKEX,
06068,WISDOM EDU INTL,HKEX,
06069,SY HOLDINGS,HKEX,
06078,HYGEIA HEALTH,HKEX,
06080,WING CHI HLDGS,HKEX,
06082,BIREN TECH,HKEX,
06083,WORLD-LINK LOG,HKEX,
06086,FANGZHOU JIANKE,HKEX,
06088,FIT HON TENG,HKEX,
06090,BUTONG GROUP,HKEX,
06093,HEVOL SERVICES,HKEX,
06098,CG SERVICES,HKEX,
06099,CMSC,HKEX,
06100,TONGDAO LIEPIN,HKEX,
06108,NEW RAY MEDIC,HKEX,
06110,TOPSPORTS,HKEX,
06113,BITSTRAT HLDGS,HKEX,
06117,RIZHAO PORT JR,HKEX,
06118,AUSTAR,HKEX,
06119,TIAN YUAN GP,HKEX,
06123,YTO INTL EXP,HKEX,
06127,JOINN,HKEX,
06128,GRAPHEX GROUP,HKEX,
06133,VITAL INNO,HKEX,
06136,KANGDA ENV,HKEX,
06138,HARBIN BANK,HKEX,
06158,ZHENRO PPT,HKEX,
06160,BEONE MEDICINES,HKEX,
06162,TR INTERIORS,HKEX,
06163,GEMILANG INTL,HKEX,
06166,CIG,HKEX,
06168,ZHOU LIU FU,HKEX,
06169,YUHUA EDU,HKEX,
06178,EB SECURITIES,HKEX,
06181,LAOPU GOLD,HKEX,
06182,TWINTEK,HKEX,
06185,CANSINOBIO,HKEX,
06186,CHINA FEIHE,HKEX,
06188,BJ DIGITAL,HKEX,
06189,ADWAY,HKEX,
06190,BANKOFJIUJIANG,HKEX,
06193,TAILAM TECHCON,HKEX,
06196,BANKOFZHENGZHOU,HKEX,
06198,QINGDAO PORT,HKEX,
06199,BANK OF GUIZHOU,HKEX,
06600,ONEROBOTICS,HKEX,
06601,CHEERWIN GP,HKEX,
06603,IFBH,HKEX,
06608,BAIRONG-W,HKEX,
06609,HEARTCARE-B,HKEX,
06610,FLOWING CLOUD,HKEX,
06611,SANXUN GROUP,HKEX,
06613,LENS,HKEX,
06616,GLOBAL NEW MAT,HKEX,
06618,JD HEALTH,HKEX,
06622,ZHAOKE OPHTH-B,HKEX,
06623,LUFAX,HKEX,
06626,YUEXIU SERVICES,HKEX,
06628,TRANSCENTA-B,HKEX,
06633,QINGCI GAMES,HKEX,
06639,ARRAIL GROUP,HKEX,
06651,51WORLD,HKEX,
06655,HX BLDG MAT,HKEX,
06657,BAIWANG CO,HKEX,
06660,AIM VACCINE,HKEX,
06661,HUZHOU GAS,HKEX,
06663,IWS GROUP,HKEX,
06666,EVERG SERVICES,HKEX,
06667,MEGA GENOMICS,HKEX,
06668,E-STAR CM,HKEX,
06669,ACOTEC-B,HKEX,
06676,ZG GROUP-W,HKEX,
06677,SINO-OCEAN SERV,HKEX,
06680,JLMAG,HKEX,
06681,BRAINAURORA-B,HKEX,
06682,PHANCY,HKEX,
06683,STARPLUS LEGEND,HKEX,
06686,NOAH HOLDINGS,HKEX,
06687,JST GROUP,HKEX,
06690,HAIER SMARTHOME,HKEX,
06693,CHIFENG GOLD,HKEX,
06696,MANY IDEA CLOUD,HKEX,
06698,STAR CM,HKEX,
06699,ANGELALIGN,HKEX,
06805,KIMOU ENVIRON,HKEX,
06806,SWHY,HKEX,
06808,SUNART RETAIL,HKEX,
06809,MONTAGE TECH,HKEX,
06811,TAI HING GROUP,HKEX,
06812,WINSON HLDGS HK,HKEX,
06816,PROSPER CONS,HKEX,
06818,CEB BANK,HKEX,
06820,FRIENDTIMES,HKEX,
06821,ASYMCHEM,HKEX,
06822,KING'S FLAIR,HKEX,
06823,HKT-SS,HKEX,
06826,HAOHAI BIOTEC,HKEX,
06828,BG BLUE SKY,HKEX,
06829,DRAGON RISE GP,HKEX,
06830,HUAZHONG IN-V,HKEX,
06831,GREEN TEA GROUP,HKEX,
06833,SINCO PHARMA,HKEX,
06838,WINOX,HKEX,
06839,YUNNAN WATER,HKEX,
06855,ASCENTAGE-B,HKEX,
06858,HONMAGOLF,HKEX,
06860,FINGERTANGO,HKEX,
06862,HAIDILAO,HKEX,
06865,FLAT GLASS,HKEX,
06866,ZUOLI M-FIN,HKEX,
06868,TENFU,HKEX,
06869,YOFC,HKEX,
06877,TE HEALTHCARE,HKEX,
06878,DIFFER GP AUTO,HKEX,
06881,CGS,HKEX,
06882,EGL HOLDINGS,HKEX,
06883,ETERNAL BEAUTY,HKEX,
06885,JINMA ENERGY,HKEX,
06886,HTSC,HKEX,
06887,SUNSHINE PHARMA,HKEX,
06888,FREETECH,HKEX,
06889,DYNAM JAPAN,HKEX,
06890,KANGLI INT HLDG,HKEX,
06893,HINSANG GROUP,HKEX,
06896,GOLDEN THROAT,HKEX,
06898,CHINA ALUMCAN,HKEX,
06899,OURGAME,HKEX,
06908,HG SEMI,HKEX,
06909,BETTERLIFE HLDG,HKEX,
06911,LANCANG TEA,HKEX,
06913,SCVE GROUP,HKEX,
06918,KIDZTECH,HKEX,
06919,RENRUI HR,HKEX,
06922,CRYOFOCUS-B,HKEX,
06928,TOMO HOLDINGS,HKEX,
06929,ORBUSNEICH,HKEX,
06933,SINO-ENTERTAIN,HKEX,
06936,SF HOLDING,HKEX,
06938,RIBOLIFE-B,HKEX,
06939,MEGAIN,HKEX,
06955,BOAN BIOTECH,HKEX,
06958,ZHENRO SERVICES,HKEX,
06959,CHANGJIU HLDGS,HKEX,
06960,SHUANGDENG,HKEX,
06963,SUNSHINE INS,HKEX,
06966,C WAN TONG YUAN,HKEX,
06968,GANGLONG CHINA,HKEX,
06969,SMOORE INTL,HKEX,
06978,IMMUNOTECH-B,HKEX,
06979,ZJLD,HKEX,
06980,BAMA TEA,HKEX,
06988,JOY SPREADER,HKEX,
06989,EXCELLENCE CM,HKEX,
06990,SKB BIO-B,HKEX,
06993,BLUE MOON GROUP,HKEX,
06996,ANTENGENE-B,HKEX,
06998,EDDING GENOR,HKEX,
06999,LEADING HLDGS,HKEX,
07618,JD INDUSTRIALS,HKEX,
08003,GREAT WORLD,HKEX,
08005,YUXING INFOTECH,HKEX,
08006,SINO SPLENDID,HKEX,
08007,GLOBALSTRAT,HKEX,
08013,ECI TECH,HKEX,
08017,TRADEGO,HKEX,
08018,FINSOFT FIN,HKEX,
08019,HAO WEN HLDGS,HKEX,
08020,UNITAS HOLD,HKEX,
08021,WLS HOLDINGS,HKEX,
08023,KWONG MAN KEE,HKEX,
08026,CB GLOBAL,HKEX,
08027,KPM HOLDING,HKEX,
08028,TIMELESS,HKEX,
08029,IMPERIUM FIN GP,HKEX,
08030,FENGYINHE,HKEX,
08031,ETS GROUP,HKEX,
08033,VODATEL NETWORK,HKEX,
08035,JANCO HOLDINGS,HKEX,
08036,EBROKER GROUP,HKEX,
08037,CH BIOTECH SER,HKEX,
08039,CHINA COME RIDE,HKEX,
08040,COOLPOINT INNO,HKEX,
08041,INTELLIMARK AI,HKEX,
08042,KOS INTL,HKEX,
08043,ATLINKS,HKEX,
08047,CHINA OCEAN GP,HKEX,
08048,YU TAK INT'L,HKEX,
08049,JILIN CHANGLONG,HKEX,
08050,CITY COOLXUAN,HKEX,
08051,CIRCUTECH,HKEX,
08052,LUK HING ENT,HKEX,
08056,LIFE CONCEPTS,HKEX,
08057,MADISON HLDG,HKEX,
08059,GLORY FLAME,HKEX,
08060,GLOBAL LINK,HKEX,
08062,EFT SOLUTIONS,HKEX,
08063,GLOBAL M HLDG,HKEX,
08065,KML TECH,HKEX,
08066,PHOENITRON HOLD,HKEX,
08067,OUC HOLDINGS,HKEX,
08069,FLYDOO TECH,HKEX,
08070,KEEN OCEAN,HKEX,
08071,CH NETCOMTECH,HKEX,
08072,ROMA META GROUP,HKEX,
08073,SFSY NEW MAT,HKEX,
08076,SING LEE,HKEX,
08079,WISDOMCOME GP,HKEX,
08080,NAS HOLDINGS,HKEX,
08081,HANG TAI YUE GP,HKEX,
08082,QINGHUA HOLD,HKEX,
08083,YOUZAN,HKEX,
08087,CHINA 33MEDIA,HKEX,
08091,OOH HOLDINGS,HKEX,
08092,ITE HOLDINGS,HKEX,
08093,WEB3 META,HKEX,
08095,BEIDA JADE BIRD,HKEX,
08096,TASTY CONCEPTS,HKEX,
08098,CL GROUP,HKEX,
08100,FAMOUS TECH INT,HKEX,
08103,HMVOD,HKEX,
08106,XINHUA LANDE,HKEX,
08107,FICUS TECH,HKEX,
08111,CT IND GROUP,HKEX,
08112,CORNERSTONE FIN,HKEX,
08113,V&V TECH,HKEX,
08115,SHANGHAI QINGPU,HKEX,
08117,CHI P ENERGY,HKEX,
08118,ZHONGZI INTL H,HKEX,
08120,CH DEMETER FIN,HKEX,
08121,GUOEN HOLDINGS,HKEX,
08123,SINOFORTUNE FIN,HKEX,
08125,CHINA NEW HLDGS,HKEX,
08126,G. A. HOLDINGS,HKEX,
08128,CHYY GP,HKEX,
08130,DADI INTL GROUP,HKEX,
08131,ABC MULTIACTIVE,HKEX,
08132,CENTURY EN INTL,HKEX,
08133,JISHENG GP HLDG,HKEX,
08136,IMS GROUP,HKEX,
08137,HONBRIDGE,HKEX,
08139,CHANGAN RH,HKEX,
08140,BOSATECH,HKEX,
08143,GF HEALTHCARE,HKEX,
08146,GRACEWINE,HKEX,
08147,MILLENNIUM PG,HKEX,
08148,WUXI LIFE,HKEX,
08149,ALTUS HLDGS,HKEX,
08152,M&L HOLDINGS,HKEX,
08153,JIADING INTL GP,HKEX,
08156,SINOPHARM TECH,HKEX,
08158,CRMI,HKEX,
08159,CU VENTURE INV,HKEX,
08160,GOLDWAY EDU,HKEX,
08161,MEDINET GROUP,HKEX,
08162,LOCO HK,HKEX,
08163,NOIZ GROUP,HKEX,
08168,AMASSE CAPITAL,HKEX,
08169,ECO-TEK HLDGS,HKEX,
08172,LAJIN ENT,HKEX,
08173,HEPHAESTUS HLDG,HKEX,
08176,SUPERROBOTICS,HKEX,
08178,CHINA INFO TECH,HKEX,
08179,PALINDA GROUP,HKEX,
08181,KS SMART MGMT,HKEX,
08186,ALMANA,HKEX,
08187,JIMU GROUP,HKEX,
08188,GME GROUP,HKEX,
08189,TEDA BIOMEDICAL,HKEX,
08191,HONG WEI ASIA,HKEX,
08193,ASIAPAC FIN INV,HKEX,
08195,LEGENDARY EDU,HKEX,
08196,FUTIAN HOLDINGS,HKEX,
08198,CRYPTO FLOW,HKEX,
08200,SAU SAN TONG,HKEX,
08201,PPS INT'L,HKEX,
08203,KAISUN HOLDINGS,HKEX,
08205,JIAODA WITHUB,HKEX,
08206,S ROBOT EDU,HKEX,
08208,WMCH GLOBAL,HKEX,
08210,DLC ASIA,HKEX,
08211,ZHEJIANG YONGAN,HKEX,
08213,STARGLORY HLDGS,HKEX,
08217,JU FU TANG BIOT,HKEX,
08218,ECHO INT HOLD,HKEX,
08219,HANVEY GROUP,HKEX,
08220,BINGO GROUP,HKEX,
08221,GAOYU FINANCE,HKEX,
08222,E LIGHTING,HKEX,
08223,ZYY,HKEX,
08225,C HEALTH GP,HKEX,
08226,KOALA FIN GP,HKEX,
08227,HAITIAN ANTENNA,HKEX,
08229,FUTURE DATA,HKEX,
08232,THAC GROUP,HKEX,
08237,LINK HOLDINGS,HKEX,
08238,WINTO GROUP,HKEX,
08239,CAPITAL FIN,HKEX,
08241,YING KEE TEA,HKEX,
08245,CANOPY SKYFIRE,HKEX,
08246,ZHONGHUA GAS,HKEX,
08247,BIOSINO BIO-TEC,HKEX,
08249,RUIYUAN IC TECH,HKEX,
08250,DU DU HLDGS,HKEX,
08257,GENES TECH,HKEX,
08262,SUPER STRONG,HKEX,
08267,LINEKONG,HKEX,
08268,SMART CITY DEV,HKEX,
08269,GO UP EDU TECH,HKEX,
08270,CHINA CBM,HKEX,
08271,GDC,HKEX,
08275,CHINA NEW CONS,HKEX,
08277,STEEDORIENTAL,HKEX,
08279,AGTECH HOLDINGS,HKEX,
08280,CDV HOLDINGS,HKEX,
08281,CH GOLD CLASSIC,HKEX,
08282,GAMEONE,HKEX,
08283,ZHONGSHI MINAN,HKEX,
08285,SLING GROUP,HKEX,
08286,CCOE,HKEX,
08290,AHSAY BACKUP,HKEX,
08291,HK ENT INTL,HKEX,
08292,VSING,HKEX,
08293,SINGASIA HLDG,HKEX,
08295,KINGWISOFT TECH,HKEX,
08296,SINO-LIFE GROUP,HKEX,
08297,OCEAN STAR TECH,HKEX,
08299,GT GOLD,HKEX,
08300,JIN MI FANG GP,HKEX,
08305,ST HLDGS,HKEX,
08307,MEDICSKIN,HKEX,
08308,GUDOU HLDGS,HKEX,
08309,MANSHING GLOBAL,HKEX,
08310,YANCHENG PORT,HKEX,
08311,PERFECT OPT,HKEX,
08313,ZACD,HKEX,
08315,CEN PLAZA HOTEL,HKEX,
08316,CHINA HONGBAO,HKEX,
08317,FINET GROUP,HKEX,
08319,EXPERT SYS,HKEX,
08320,AEC GROUP,HKEX,
08321,TAI KAM HLDGS,HKEX,
08326,TK NEW ENERGY,HKEX,
08328,XY ELEC STORAGE,HKEX,
08329,NEP INTERLONG,HKEX,
08331,P.B. GROUP,HKEX,
08333,ASTRUM FIN,HKEX,
08337,DIRECTEL,HKEX,
08340,ZIJING INTL FIN,HKEX,
08341,AESO HOLDING,HKEX,
08347,F8 ENT,HKEX,
08348,BINHAI TEDA,HKEX,
08349,GUIXIN GROUP,HKEX,
08350,WELL LINK SEC,HKEX,
08356,TSUN YIP HLDGS,HKEX,
08357,REPUBLIC HC,HKEX,
08360,BASIC H NEWLIFE,HKEX,
08362,WINNING TOWER,HKEX,
08365,HATCHER GROUP,HKEX,
08366,ZJ UNITED INV,HKEX,
08367,SIMPLICITY HLDG,HKEX,
08368,CREATIVE CHINA,HKEX,
08370,ZHI SHENG GP,HKEX,
08371,TASTEGOURMET GP,HKEX,
08372,GBG HOLDINGS,HKEX,
08373,INDIGO STAR,HKEX,
08375,DATA UNION CAP,HKEX,
08377,HARBOUR EQUINE,HKEX,
08379,PRIME INTEL,HKEX,
08385,PROSPEROUSPRINT,HKEX,
08391,CORNERSTONE TEC,HKEX,
08392,SATU HOLDINGS,HKEX,
08395,ZXZN QI-HOUSE,HKEX,
08400,ASIA PIONEER,HKEX,
08401,STREAM IDEAS,HKEX,
08402,PLATEAU TL,HKEX,
08403,DOWWAY,HKEX,
08406,CHINA ORAL IND,HKEX,
08411,K W NELSON GP,HKEX,
08412,NEW AMANTE,HKEX,
08413,ASIA GROCERY,HKEX,
08416,HM INTL HLDGS,HKEX,
08417,DADI EDU,HKEX,
08418,OPTIMA AUTO,HKEX,
08419,AV PROMOTIONS,HKEX,
08420,NEXION TECH,HKEX,
08422,WT GROUP,HKEX,
08423,CHI HO DEV,HKEX,
08425,HING MING HLDGS,HKEX,
08426,MODERN LIVING,HKEX,
08427,WS-SK TARGET,HKEX,
08428,CBK HOLDINGS,HKEX,
08429,SV VISION,HKEX,
08430,C&N HOLDINGS,HKEX,
08431,HAO BAI INTL,HKEX,
08432,BAR PACIFIC,HKEX,
08436,TAKBO GROUP,HKEX,
08437,RMH HOLDINGS,HKEX,
08439,SOMERLEY CAP,HKEX,
08445,NOBLE ENG GP,HKEX,
08446,BRIGHTSTAR TECH,HKEX,
08447,MS CONCEPT,HKEX,
08448,UNI PRINTSHOP,HKEX,
08450,EDICO HOLDINGS,HKEX,
08451,SUNLIGHT HLDGS,HKEX,
08452,FY FINANCIAL,HKEX,
08455,LAI GROUP,HKEX,
08456,MANSION INTL,HKEX,
08460,BASETROPHY GP,HKEX,
08462,OMNIBRIDGE HLDG,HKEX,
08471,REACH NEW HLDGS,HKEX,
08472,LAPCO HOLDINGS,HKEX,
08473,MI MING MART,HKEX,
08475,E-STATION GTECH,HKEX,
08480,FURNIWEB,HKEX,
08481,SHENGLONG INTL,HKEX,
08482,WAN LEADER,HKEX,
08483,MAX SIGHT GROUP,HKEX,
08487,ISP GLOBAL,HKEX,
08489,GP LOGISTICS,HKEX,
08490,NICHE-TECH SEMI,HKEX,
08491,COOL LINK,HKEX,
08493,S. DRAGON,HKEX,
08495,1957 & CO.,HKEX,
08496,GLOBAL UIN,HKEX,
08500,ICONCULTURE,HKEX,
08501,SANBASE CORP,HKEX,
08502,OCEAN LINE PORT,HKEX,
08507,I.CENTURY HLDG,HKEX,
08509,WINE'S LINK,HKEX,
08510,TOPSTANDARDCORP,HKEX,
08511,MIN FU INTL,HKEX,
08512,HYFUSIN GROUP,HKEX,
08513,MAXWIN INT HLDG,HKEX,
08516,ZY INTL,HKEX,
08519,XINXIANG ERA,HKEX,
08521,WEBX INTL HLDGS,HKEX,
08525,BAIYING HOLDING,HKEX,
08526,WING FUNG GROUP,HKEX,
08527,JLOGO HLDGS,HKEX,
08529,UBOT HOLDING,HKEX,
08532,POLYFAIR HLDGS,HKEX,
08535,VISTAR HOLDINGS,HKEX,
08536,TL NATURAL GAS,HKEX,
08537,CHONG FAI JEWEL,HKEX,
08540,VICTORY SEC,HKEX,
08545,AMUSE GROUP,HKEX,
08547,PACIFIC LEGEND,HKEX,
08549,GOLDEN LEAF INT,HKEX,
08597,ZHONGHUA GAS,HKEX,
08601,BOLTEK,HKEX,
08603,FAMEGLOW,HKEX,
08606,KINETIX SYSTEMS,HKEX,
08610,BBSB INTL,HKEX,
08611,MINDTELL TECH,HKEX,
08612,WORLD SUPER,HKEX,
08613,ORIENTAL PAY,HKEX,
08616,SUNRAY ENG GP,HKEX,
08619,NIU HOLDINGS,HKEX,
08620,AE LOGISTICS,HKEX,
08621,METROPOLIS CAP,HKEX,
08622,JOYZYME GROUP,HKEX,
08623,CHINA SAFTOWER,HKEX,
08627,ORANGE TOUR,HKEX,
08629,SYNTRUST GK,HKEX,
08631,SUN KONG HLDGS,HKEX,
08635,ELEPHANT HLDGS,HKEX,
08637,METASURFACE,HKEX,
08645,BYTE META,HKEX,
08646,CHINA HONGGUANG,HKEX,
08657,TRUE PARTNER,HKEX,
08659,YIK WO INTL,HKEX,
08668,YING HAI GROUP,HKEX,
09600,NEWLINK TECH,HKEX,
09606,DUALITYBIO-B,HKEX,
09608,SUNDY SERVICE,HKEX,
09609,HAIWEI ELEC,HKEX,
09611,LONGCHEER,HKEX,
09616,NEUTECH GROUP,HKEX,
09618,JD-SW,HKEX,
09626,BILIBILI-W,HKEX,
09633,NONGFU SPRING,HKEX,
09636,JF SMARTINVEST,HKEX,
09638,FERRETTI,HKEX,
09639,WING LEE DEV,HKEX,
09658,SUPER HI,HKEX,
09660,HORIZONROBOT-W,HKEX,
09663,SINOSYNERGY,HKEX,
09668,CBHB,HKEX,
09669,BEISEN HOLDING,HKEX,
09676,SHIYUE DAOTIAN,HKEX,
09677,WEIHAI BANK,HKEX,
09678,UNISOUND,HKEX,
09680,CHENQI TECH,HKEX,
09686,XIKANG CLOUD,HKEX,
09688,ZAI LAB,HKEX,
09689,JTF INTL,HKEX,
09690,TUHU-W,HKEX,
09696,TIANQI LITHIUM,HKEX,
09698,GDS-SW,HKEX,
09699,SF INTRA-CITY,HKEX,
09857,LINMON MEDIA,HKEX,
09858,YOURAN DAIRY,HKEX,
09860,ADICON HOLDINGS,HKEX,
09863,LEAPMOTOR,HKEX,
09866,NIO-SW,HKEX,
09868,XPENG-W,HKEX,
09869,HELENS,HKEX,
09876,OCEAN ONE HLDG,HKEX,
09877,JENSCARE-B,HKEX,
09878,HUITONGDA NET,HKEX,
09879,MIGAO GROUP,HKEX,
09880,UBTECH ROBOTICS,HKEX,
09881,RONGTA TECH,HKEX,
09882,BEST LINKING,HKEX,
09885,YSB,HKEX,
09886,DINGDANG HEALTH,HKEX,
09887,LEADS BIOLABS-B,HKEX,
09888,BIDU-SW,HKEX,
09889,DRCB,HKEX,
09890,TANWAN,HKEX,
09893,PIZU GROUP,HKEX,
09896,MNSO,HKEX,
09898,WB-SW,HKEX,
09899,NETEASE MUSIC,HKEX,
09900,ZCLOUD TECH CON,HKEX,
09901,NEW ORIENTAL-S,HKEX,
09903,ILUVATAR COREX,HKEX,
09906,HONLIV HEALTH,HKEX,
09908,JIAXING GAS,HKEX,
09909,POWERLONG CM,HKEX,
09911,NEWBORNTOWN,HKEX,
09913,CHI KAN HLDGS,HKEX,
09916,XINGYE WULIAN,HKEX,
09918,WISE ALLY INTL,HKEX,
09919,ACTIVATION GP,HKEX,
09922,JIUMAOJIU,HKEX,
09923,YEAHKA,HKEX,
09926,AKESO,HKEX,
09927,SERES,HKEX,
09928,TIMES NEIGHBOR,HKEX,
09929,SEM HLDGS,HKEX,
09930,HORIZON CD,HKEX,
09933,GHW INTL,HKEX,
09936,XIMEI RESOURCES,HKEX,
09938,WAH WO HOLDINGS,HKEX,
09939,KINTOR PHARMA-B,HKEX,
09955,CLOUDR,HKEX,
09958,LITIAN PICTURES,HKEX,
09959,LINKLOGIS-W,HKEX,
09960,KINDSTAR GLOBAL,HKEX,
09961,TRIP.COM-S,HKEX,
09963,TRANSTECH,HKEX,
09966,ALPHAMAB-B,HKEX,
09968,HUIJING HLDGS,HKEX,
09969,INNOCARE,HKEX,
09973,CHERY AUTO,HKEX,
09978,FINELAND LIVING,HKEX,
09979,GREENTOWN MGMT,HKEX,
09980,EASTROC,HKEX,
09981,WOER,HKEX,
09982,CENTRALCHINA MT,HKEX,
09983,CC NEW LIFE,HKEX,
09985,WL DELICIOUS,HKEX,
09986,DASHAN EDU,HKEX,
09987,YUM CHINA,HKEX,
09988,BABA-W,HKEX,
09989,HEPALINK,HKEX,
09990,ARCHOSAUR GAMES,HKEX,
09991,BAOZUN-W,HKEX,
09992,POP MART,HKEX,
09993,RADIANCE HLDGS,HKEX,
09995,REMEGEN,HKEX,
09996,PEIJIA-B,HKEX,
09998,KWAN YONG,HKEX,
09999,NTES-S,HKEX,
80016,SHK PPT-R,HKEX,
80020,SENSETIME-WR,HKEX,
80175,GEELY AUTO-R,HKEX,
80291,CHINARES BEER-R,HKEX,
80388,HKEX-R,HKEX,
80700,TENCENT-R,HKEX,
80737,BAY AREA DEV-R,HKEX,
80883,CNOOC-R,HKEX,
80941,CHINA MOBILE-R,HKEX,
80992,LENOVO GROUP-R,HKEX,
81024,KUAISHOU-WR,HKEX,
81211,BYD COMPANY-R,HKEX,
81299,AIA-R,HKEX,
81810,XIAOMI-WR,HKEX,
82020,ANTA SPORTS-R,HKEX,
82318,PING AN-R,HKEX,
82331,LI NING-R,HKEX,
82333,GWMOTOR-R,HKEX,
82388,BOC HONG KONG-R,HKEX,
83690,MEITUAN-WR,HKEX,
86618,JD HEALTH-R,HKEX,
89618,JD-SWR,HKEX,
89888,BIDU-SWR,HKEX,
89988,BABA-WR,HKEX,
