code,region,name,exchange,type
600000,SH,浦发银行,SSE,stock
600004,SH,白云机场,SSE,stock
600006,SH,东风股份,SSE,stock
600007,SH,中国国贸,SSE,stock
600008,SH,首创环保,SSE,stock
600009,SH,上海机场,SSE,stock
600010,SH,包钢股份,SSE,stock
600011,SH,华能国际,SSE,stock
600012,SH,皖通高速,SSE,stock
600015,SH,华夏银行,SSE,stock
600016,SH,民生银行,SSE,stock
600017,SH,日照港,SSE,stock
600018,SH,上港集团,SSE,stock
600019,SH,宝钢股份,SSE,stock
600020,SH,中原高速,SSE,stock
600021,SH,上海电力,SSE,stock
600022,SH,山东钢铁,SSE,stock
600023,SH,浙能电力,SSE,stock
600025,SH,华能水电,SSE,stock
600026,SH,中远海能,SSE,stock
600027,SH,华电国际,SSE,stock
600028,SH,中国石化,SSE,stock
600029,SH,南方航空,SSE,stock
600030,SH,中信证券,SSE,stock
600031,SH,三一重工,SSE,stock
600032,SH,浙江新能,SSE,stock
600033,SH,福建高速,SSE,stock
600035,SH,楚天高速,SSE,stock
600036,SH,招商银行,SSE,stock
600037,SH,歌华有线,SSE,stock
600038,SH,中直股份,SSE,stock
600039,SH,四川路桥,SSE,stock
600048,SH,保利发展,SSE,stock
600050,SH,中国联通,SSE,stock
600051,SH,宁波联合,SSE,stock
600052,SH,东望时代,SSE,stock
600053,SH,九鼎投资,SSE,stock
600054,SH,黄山旅游,SSE,stock
600055,SH,万东医疗,SSE,stock
600056,SH,中国医药,SSE,stock
600057,SH,厦门象屿,SSE,stock
600058,SH,五矿发展,SSE,stock
600059,SH,古越龙山,SSE,stock
600060,SH,海信视像,SSE,stock
600061,SH,国投资本,SSE,stock
600062,SH,华润双鹤,SSE,stock
600063,SH,皖维高新,SSE,stock
600064,SH,南京高科,SSE,stock
600066,SH,宇通客车,SSE,stock
600067,SH,冠城新材,SSE,stock
600071,SH,凤凰光学,SSE,stock
600072,SH,中船科技,SSE,stock
600073,SH,光明肉业,SSE,stock
600075,SH,新疆天业,SSE,stock
600076,SH,康欣新材,SSE,stock
600078,SH,澄星股份,SSE,stock
600079,SH,ST人福,SSE,stock
600080,SH,金花股份,SSE,stock
600081,SH,东风科技,SSE,stock
600082,SH,海泰发展,SSE,stock
600084,SH,中信尼雅,SSE,stock
600085,SH,同仁堂,SSE,stock
600088,SH,中视传媒,SSE,stock
600089,SH,特变电工,SSE,stock
600094,SH,大名城,SSE,stock
600095,SH,湘财股份,SSE,stock
600096,SH,云天化,SSE,stock
600097,SH,开创国际,SSE,stock
600098,SH,广州发展,SSE,stock
600099,SH,林海股份,SSE,stock
600100,SH,同方股份,SSE,stock
600101,SH,明星电力,SSE,stock
600103,SH,青山纸业,SSE,stock
600104,SH,上汽集团,SSE,stock
600105,SH,永鼎股份,SSE,stock
600106,SH,重庆路桥,SSE,stock
600107,SH,ST尔雅,SSE,stock
600108,SH,亚盛集团,SSE,stock
600109,SH,国金证券,SSE,stock
600110,SH,诺德股份,SSE,stock
600111,SH,北方稀土,SSE,stock
600113,SH,浙江东日,SSE,stock
600114,SH,东睦股份,SSE,stock
600115,SH,中国东航,SSE,stock
600116,SH,三峡水利,SSE,stock
600117,SH,西宁特钢,SSE,stock
600118,SH,中国卫星,SSE,stock
600119,SH,长江投资,SSE,stock
600120,SH,浙江东方,SSE,stock
600121,SH,郑州煤电,SSE,stock
600123,SH,兰花科创,SSE,stock
600125,SH,铁龙物流,SSE,stock
600126,SH,杭钢股份,SSE,stock
600127,SH,金健米业,SSE,stock
600128,SH,苏豪弘业,SSE,stock
600129,SH,太极集团,SSE,stock
600130,SH,*ST波导,SSE,stock
600131,SH,国网信通,SSE,stock
600132,SH,重庆啤酒,SSE,stock
600133,SH,东湖高新,SSE,stock
600135,SH,乐凯胶片,SSE,stock
600136,SH,ST明诚,SSE,stock
600137,SH,浪莎股份,SSE,stock
600138,SH,中青旅,SSE,stock
600141,SH,兴发集团,SSE,stock
600143,SH,金发科技,SSE,stock
600148,SH,长春一东,SSE,stock
600149,SH,廊坊发展,SSE,stock
600150,SH,中国船舶,SSE,stock
600151,SH,航天机电,SSE,stock
600152,SH,维科技术,SSE,stock
600153,SH,建发股份,SSE,stock
600155,SH,华创云信,SSE,stock
600156,SH,华升股份,SSE,stock
600157,SH,永泰能源,SSE,stock
600158,SH,中体产业,SSE,stock
600159,SH,大龙地产,SSE,stock
600160,SH,巨化股份,SSE,stock
600161,SH,天坛生物,SSE,stock
600162,SH,香江控股,SSE,stock
600163,SH,中闽能源,SSE,stock
600165,SH,ST宁科,SSE,stock
600166,SH,福田汽车,SSE,stock
600167,SH,联美控股,SSE,stock
600168,SH,武汉控股,SSE,stock
600169,SH,ST太重,SSE,stock
600170,SH,上海建工,SSE,stock
600171,SH,上海贝岭,SSE,stock
600172,SH,黄河旋风,SSE,stock
600173,SH,卧龙新能,SSE,stock
600176,SH,中国巨石,SSE,stock
600177,SH,雅戈尔,SSE,stock
600178,SH,东安动力,SSE,stock
600179,SH,安通控股,SSE,stock
600180,SH,瑞茂通,SSE,stock
600182,SH,S佳通,SSE,stock
600183,SH,生益科技,SSE,stock
600184,SH,光电股份,SSE,stock
600185,SH,珠免集团,SSE,stock
600186,SH,莲花控股,SSE,stock
600187,SH,国中水务,SSE,stock
600188,SH,兖矿能源,SSE,stock
600189,SH,泉阳泉,SSE,stock
600191,SH,华资实业,SSE,stock
600192,SH,长城电工,SSE,stock
600193,SH,*ST创兴,SSE,stock
600195,SH,中牧股份,SSE,stock
600196,SH,复星医药,SSE,stock
600197,SH,伊力特,SSE,stock
600198,SH,大唐电信,SSE,stock
600199,SH,金种子酒,SSE,stock
600201,SH,生物股份,SSE,stock
600202,SH,哈空调,SSE,stock
600203,SH,福日电子,SSE,stock
600206,SH,有研新材,SSE,stock
600207,SH,安彩高科,SSE,stock
600208,SH,衢州发展,SSE,stock
600210,SH,紫江企业,SSE,stock
600211,SH,西藏药业,SSE,stock
600212,SH,绿能慧充,SSE,stock
600215,SH,派斯林,SSE,stock
600216,SH,浙江医药,SSE,stock
600217,SH,中再资环,SSE,stock
600218,SH,全柴动力,SSE,stock
600219,SH,南山铝业,SSE,stock
600221,SH,海航控股,SSE,stock
600222,SH,太龙药业,SSE,stock
600223,SH,福瑞达,SSE,stock
600226,SH,亨通股份,SSE,stock
600227,SH,赤天化,SSE,stock
600228,SH,*ST返利,SSE,stock
600229,SH,城市传媒,SSE,stock
600230,SH,沧州大化,SSE,stock
600231,SH,凌钢股份,SSE,stock
600232,SH,金鹰股份,SSE,stock
600233,SH,圆通速递,SSE,stock
600234,SH,科新发展,SSE,stock
600235,SH,民丰特纸,SSE,stock
600236,SH,桂冠电力,SSE,stock
600237,SH,铜峰电子,SSE,stock
600238,SH,*ST椰岛,SSE,stock
600239,SH,云南城投,SSE,stock
600241,SH,时代万恒,SSE,stock
600243,SH,*ST海华,SSE,stock
600246,SH,万通发展,SSE,stock
600248,SH,陕建股份,SSE,stock
600249,SH,两面针,SSE,stock
600250,SH,南京商旅,SSE,stock
600251,SH,冠农股份,SSE,stock
600252,SH,中恒集团,SSE,stock
600255,SH,鑫科材料,SSE,stock
600256,SH,广汇能源,SSE,stock
600257,SH,大湖股份,SSE,stock
600258,SH,首旅酒店,SSE,stock
600259,SH,中稀有色,SSE,stock
600261,SH,阳光照明,SSE,stock
600262,SH,北方股份,SSE,stock
600265,SH,ST景谷,SSE,stock
600266,SH,城建发展,SSE,stock
600267,SH,海正药业,SSE,stock
600268,SH,国电南自,SSE,stock
600269,SH,赣粤高速,SSE,stock
600271,SH,航天信息,SSE,stock
600272,SH,开开实业,SSE,stock
600273,SH,嘉化能源,SSE,stock
600276,SH,恒瑞医药,SSE,stock
600278,SH,东方创业,SSE,stock
600279,SH,重庆港,SSE,stock
600280,SH,中央商场,SSE,stock
600281,SH,华阳新材,SSE,stock
600282,SH,南钢股份,SSE,stock
600283,SH,钱江水利,SSE,stock
600284,SH,浦东建设,SSE,stock
600285,SH,羚锐制药,SSE,stock
600287,SH,苏豪时尚,SSE,stock
600288,SH,大恒科技,SSE,stock
600289,SH,ST信通,SSE,stock
600292,SH,电投水电,SSE,stock
600293,SH,三峡新材,SSE,stock
600295,SH,鄂尔多斯,SSE,stock
600298,SH,安琪酵母,SSE,stock
600299,SH,XD安迪苏,SSE,stock
600300,SH,维维股份,SSE,stock
600301,SH,华锡有色,SSE,stock
600302,SH,标准股份,SSE,stock
600303,SH,曙光股份,SSE,stock
600305,SH,恒顺醋业,SSE,stock
600307,SH,酒钢宏兴,SSE,stock
600308,SH,华泰股份,SSE,stock
600309,SH,万华化学,SSE,stock
600310,SH,广西能源,SSE,stock
600312,SH,平高电气,SSE,stock
600313,SH,农发种业,SSE,stock
600315,SH,上海家化,SSE,stock
600316,SH,洪都航空,SSE,stock
600318,SH,新力金融,SSE,stock
600319,SH,亚星化学,SSE,stock
600320,SH,振华重工,SSE,stock
600322,SH,津投城开,SSE,stock
600323,SH,瀚蓝环境,SSE,stock
600325,SH,华发股份,SSE,stock
600326,SH,西藏天路,SSE,stock
600327,SH,大东方,SSE,stock
600328,SH,中盐化工,SSE,stock
600329,SH,达仁堂,SSE,stock
600330,SH,天通股份,SSE,stock
600331,SH,宏达股份,SSE,stock
600332,SH,白云山,SSE,stock
600333,SH,长春燃气,SSE,stock
600335,SH,国机汽车,SSE,stock
600336,SH,澳柯玛,SSE,stock
600337,SH,美克家居,SSE,stock
600338,SH,西藏珠峰,SSE,stock
600339,SH,中油工程,SSE,stock
600340,SH,华夏幸福,SSE,stock
600343,SH,航天动力,SSE,stock
600345,SH,长江通信,SSE,stock
600346,SH,恒力石化,SSE,stock
600348,SH,华阳股份,SSE,stock
600350,SH,山东高速,SSE,stock
600351,SH,亚宝药业,SSE,stock
600352,SH,浙江龙盛,SSE,stock
600353,SH,旭光电子,SSE,stock
600354,SH,敦煌种业,SSE,stock
600355,SH,*ST精伦,SSE,stock
600356,SH,恒丰纸业,SSE,stock
600358,SH,ST联合,SSE,stock
600359,SH,新农开发,SSE,stock
600360,SH,*ST华微,SSE,stock
600361,SH,创新新材,SSE,stock
600362,SH,江西铜业,SSE,stock
600363,SH,联创光电,SSE,stock
600365,SH,ST通葡,SSE,stock
600366,SH,宁波韵升,SSE,stock
600367,SH,红星发展,SSE,stock
600368,SH,五洲交通,SSE,stock
600369,SH,西南证券,SSE,stock
600370,SH,三房巷,SSE,stock
600371,SH,万向德农,SSE,stock
600372,SH,中航机载,SSE,stock
600373,SH,中文传媒,SSE,stock
600375,SH,汉马科技,SSE,stock
600376,SH,首开股份,SSE,stock
600377,SH,宁沪高速,SSE,stock
600378,SH,昊华科技,SSE,stock
600379,SH,宝光股份,SSE,stock
600380,SH,健康元,SSE,stock
600381,SH,*ST春天,SSE,stock
600382,SH,广东明珠,SSE,stock
600383,SH,金地集团,SSE,stock
600386,SH,北巴传媒,SSE,stock
600388,SH,龙净环保,SSE,stock
600389,SH,江山股份,SSE,stock
600390,SH,五矿资本,SSE,stock
600391,SH,航发科技,SSE,stock
600392,SH,盛和资源,SSE,stock
600395,SH,盘江股份,SSE,stock
600396,SH,华电辽能,SSE,stock
600397,SH,江钨装备,SSE,stock
600398,SH,海澜之家,SSE,stock
600399,SH,抚顺特钢,SSE,stock
600400,SH,红豆股份,SSE,stock
600403,SH,大有能源,SSE,stock
600405,SH,动力源,SSE,stock
600406,SH,国电南瑞,SSE,stock
600408,SH,安泰集团,SSE,stock
600409,SH,三友化工,SSE,stock
600410,SH,华胜天成,SSE,stock
600415,SH,小商品城,SSE,stock
600416,SH,湘电股份,SSE,stock
600418,SH,江淮汽车,SSE,stock
600419,SH,天润乳业,SSE,stock
600420,SH,国药现代,SSE,stock
600421,SH,*ST华嵘,SSE,stock
600422,SH,昆药集团,SSE,stock
600423,SH,柳化股份,SSE,stock
600425,SH,青松建化,SSE,stock
600426,SH,华鲁恒升,SSE,stock
600428,SH,中远海特,SSE,stock
600429,SH,三元股份,SSE,stock
600433,SH,冠豪高新,SSE,stock
600435,SH,北方导航,SSE,stock
600436,SH,片仔癀,SSE,stock
600438,SH,通威股份,SSE,stock
600439,SH,瑞贝卡,SSE,stock
600444,SH,国机通用,SSE,stock
600446,SH,金证股份,SSE,stock
600448,SH,华纺股份,SSE,stock
600449,SH,宁夏建材,SSE,stock
600452,SH,涪陵电力,SSE,stock
600455,SH,博通股份,SSE,stock
600456,SH,宝钛股份,SSE,stock
600458,SH,时代新材,SSE,stock
600459,SH,贵研铂业,SSE,stock
600460,SH,士兰微,SSE,stock
600461,SH,洪城环境,SSE,stock
600463,SH,空港股份,SSE,stock
600467,SH,好当家,SSE,stock
600468,SH,百利电气,SSE,stock
600469,SH,风神股份,SSE,stock
600470,SH,六国化工,SSE,stock
600475,SH,华光环能,SSE,stock
600476,SH,湘邮科技,SSE,stock
600477,SH,杭萧钢构,SSE,stock
600478,SH,科力远,SSE,stock
600479,SH,千金药业,SSE,stock
600480,SH,凌云股份,SSE,stock
600481,SH,双良节能,SSE,stock
600482,SH,中国动力,SSE,stock
600483,SH,福能股份,SSE,stock
600486,SH,扬农化工,SSE,stock
600487,SH,亨通光电,SSE,stock
600488,SH,津药药业,SSE,stock
600489,SH,中金黄金,SSE,stock
600490,SH,鹏欣资源,SSE,stock
600491,SH,龙元建设,SSE,stock
600493,SH,凤竹纺织,SSE,stock
600495,SH,晋西车轴,SSE,stock
600496,SH,精工钢构,SSE,stock
600497,SH,驰宏锌锗,SSE,stock
600498,SH,烽火通信,SSE,stock
600499,SH,科达制造,SSE,stock
600500,SH,中化国际,SSE,stock
600501,SH,航天晨光,SSE,stock
600502,SH,安徽建工,SSE,stock
600503,SH,华丽家族,SSE,stock
600505,SH,西昌电力,SSE,stock
600506,SH,统一股份,SSE,stock
600507,SH,方大特钢,SSE,stock
600508,SH,上海能源,SSE,stock
600509,SH,天富能源,SSE,stock
600510,SH,黑牡丹,SSE,stock
600511,SH,国药股份,SSE,stock
600512,SH,腾达建设,SSE,stock
600513,SH,联环药业,SSE,stock
600515,SH,海南机场,SSE,stock
600516,SH,方大炭素,SSE,stock
600517,SH,国网英大,SSE,stock
600518,SH,康美药业,SSE,stock
600519,SH,贵州茅台,SSE,stock
600520,SH,三佳科技,SSE,stock
600521,SH,华海药业,SSE,stock
600522,SH,中天科技,SSE,stock
600523,SH,贵航股份,SSE,stock
600525,SH,ST长园,SSE,stock
600526,SH,菲达环保,SSE,stock
600527,SH,江南高纤,SSE,stock
600528,SH,中铁工业,SSE,stock
600529,SH,山东药玻,SSE,stock
600530,SH,交大昂立,SSE,stock
600531,SH,豫光金铅,SSE,stock
600533,SH,栖霞建设,SSE,stock
600535,SH,天士力,SSE,stock
600536,SH,中国软件,SSE,stock
600537,SH,亿晶光电,SSE,stock
600538,SH,国发股份,SSE,stock
600539,SH,狮头股份,SSE,stock
600540,SH,新赛股份,SSE,stock
600543,SH,莫高股份,SSE,stock
600545,SH,卓郎智能,SSE,stock
600546,SH,山煤国际,SSE,stock
600547,SH,山东黄金,SSE,stock
600548,SH,深高速,SSE,stock
600549,SH,厦门钨业,SSE,stock
600550,SH,保变电气,SSE,stock
600551,SH,时代出版,SSE,stock
600552,SH,凯盛科技,SSE,stock
600556,SH,天下秀,SSE,stock
600557,SH,康缘药业,SSE,stock
600558,SH,大西洋,SSE,stock
600559,SH,老白干酒,SSE,stock
600560,SH,金自天正,SSE,stock
600561,SH,江西长运,SSE,stock
600562,SH,国睿科技,SSE,stock
600563,SH,法拉电子,SSE,stock
600566,SH,济川药业,SSE,stock
600567,SH,山鹰国际,SSE,stock
600568,SH,ST中珠,SSE,stock
600569,SH,安阳钢铁,SSE,stock
600570,SH,恒生电子,SSE,stock
600571,SH,信雅达,SSE,stock
600572,SH,康恩贝,SSE,stock
600573,SH,惠泉啤酒,SSE,stock
600575,SH,淮河能源,SSE,stock
600576,SH,祥源文旅,SSE,stock
600577,SH,精达股份,SSE,stock
600578,SH,京能电力,SSE,stock
600579,SH,中化装备,SSE,stock
600580,SH,卧龙电驱,SSE,stock
600581,SH,八一钢铁,SSE,stock
600582,SH,天地科技,SSE,stock
600583,SH,海油工程,SSE,stock
600584,SH,长电科技,SSE,stock
600585,SH,海螺水泥,SSE,stock
600586,SH,金晶科技,SSE,stock
600587,SH,新华医疗,SSE,stock
600588,SH,用友网络,SSE,stock
600589,SH,大位科技,SSE,stock
600590,SH,泰豪科技,SSE,stock
600592,SH,龙溪股份,SSE,stock
600593,SH,大连圣亚,SSE,stock
600594,SH,益佰制药,SSE,stock
600595,SH,中孚实业,SSE,stock
600596,SH,新安股份,SSE,stock
600597,SH,光明乳业,SSE,stock
600598,SH,北大荒,SSE,stock
600599,SH,*ST熊猫,SSE,stock
600600,SH,青岛啤酒,SSE,stock
600601,SH,方正科技,SSE,stock
600602,SH,云赛智联,SSE,stock
600603,SH,广汇物流,SSE,stock
600604,SH,市北高新,SSE,stock
600605,SH,汇通能源,SSE,stock
600606,SH,绿地控股,SSE,stock
600608,SH,*ST沪科,SSE,stock
600609,SH,金杯汽车,SSE,stock
600610,SH,中毅达,SSE,stock
600611,SH,大众交通,SSE,stock
600612,SH,老凤祥,SSE,stock
600613,SH,神奇制药,SSE,stock
600615,SH,鑫源智造,SSE,stock
600616,SH,金枫酒业,SSE,stock
600617,SH,国新能源,SSE,stock
600618,SH,氯碱化工,SSE,stock
600619,SH,海立股份,SSE,stock
600620,SH,天宸股份,SSE,stock
600621,SH,华鑫股份,SSE,stock
600622,SH,光大嘉宝,SSE,stock
600623,SH,华谊集团,SSE,stock
600624,SH,ST复华,SSE,stock
600626,SH,申达股份,SSE,stock
600628,SH,新世界,SSE,stock
600629,SH,华建集团,SSE,stock
600630,SH,龙头股份,SSE,stock
600633,SH,浙数文化,SSE,stock
600635,SH,大众公用,SSE,stock
600636,SH,*ST国化,SSE,stock
600637,SH,东方明珠,SSE,stock
600638,SH,新黄浦,SSE,stock
600639,SH,浦东金桥,SSE,stock
600640,SH,国脉文化,SSE,stock
600641,SH,先导基电,SSE,stock
600642,SH,申能股份,SSE,stock
600643,SH,爱建集团,SSE,stock
600644,SH,乐山电力,SSE,stock
600645,SH,中源协和,SSE,stock
600648,SH,外高桥,SSE,stock
600649,SH,城投控股,SSE,stock
600650,SH,锦江在线,SSE,stock
600651,SH,飞乐音响,SSE,stock
600653,SH,申华控股,SSE,stock
600654,SH,中安科,SSE,stock
600655,SH,豫园股份,SSE,stock
600657,SH,信达地产,SSE,stock
600658,SH,电子城,SSE,stock
600660,SH,福耀玻璃,SSE,stock
600661,SH,昂立教育,SSE,stock
600662,SH,外服控股,SSE,stock
600663,SH,陆家嘴,SSE,stock
600664,SH,哈药股份,SSE,stock
600665,SH,天地源,SSE,stock
600666,SH,奥瑞德,SSE,stock
600667,SH,太极实业,SSE,stock
600668,SH,尖峰集团,SSE,stock
600671,SH,天目药业,SSE,stock
600673,SH,东阳光,SSE,stock
600674,SH,川投能源,SSE,stock
600675,SH,中华企业,SSE,stock
600676,SH,交运股份,SSE,stock
600678,SH,四川金顶,SSE,stock
600679,SH,上海凤凰,SSE,stock
600681,SH,百川能源,SSE,stock
600682,SH,南京新百,SSE,stock
600683,SH,京投发展,SSE,stock
600684,SH,珠江股份,SSE,stock
600685,SH,中船防务,SSE,stock
600686,SH,金龙汽车,SSE,stock
600688,SH,上海石化,SSE,stock
600689,SH,上海三毛,SSE,stock
600690,SH,海尔智家,SSE,stock
600691,SH,潞化科技,SSE,stock
600692,SH,亚通股份,SSE,stock
600693,SH,东百集团,SSE,stock
600694,SH,大商股份,SSE,stock
600696,SH,*ST岩石,SSE,stock
600697,SH,欧亚集团,SSE,stock
600698,SH,湖南天雁,SSE,stock
600699,SH,均胜电子,SSE,stock
600702,SH,舍得酒业,SSE,stock
600703,SH,三安光电,SSE,stock
600704,SH,物产中大,SSE,stock
600706,SH,曲江文旅,SSE,stock
600707,SH,彩虹股份,SSE,stock
600708,SH,光明地产,SSE,stock
600710,SH,苏美达,SSE,stock
600711,SH,盛屯矿业,SSE,stock
600712,SH,南宁百货,SSE,stock
600713,SH,南京医药,SSE,stock
600714,SH,金瑞矿业,SSE,stock
600715,SH,文投控股,SSE,stock
600716,SH,凤凰股份,SSE,stock
600717,SH,天津港,SSE,stock
600718,SH,东软集团,SSE,stock
600719,SH,大连热电,SSE,stock
600720,SH,中交设计,SSE,stock
600721,SH,百花医药,SSE,stock
600722,SH,金牛化工,SSE,stock
600724,SH,宁波富达,SSE,stock
600725,SH,云维股份,SSE,stock
600726,SH,华电能源,SSE,stock
600727,SH,鲁北化工,SSE,stock
600728,SH,佳都科技,SSE,stock
600729,SH,重庆百货,SSE,stock
600730,SH,中国高科,SSE,stock
600731,SH,湖南海利,SSE,stock
600732,SH,爱旭股份,SSE,stock
600733,SH,北汽蓝谷,SSE,stock
600734,SH,实达集团,SSE,stock
600735,SH,ST新华锦,SSE,stock
600736,SH,苏州高新,SSE,stock
600737,SH,中粮糖业,SSE,stock
600738,SH,丽尚国潮,SSE,stock
600739,SH,辽宁成大,SSE,stock
600740,SH,山西焦化,SSE,stock
600741,SH,华域汽车,SSE,stock
600742,SH,富维股份,SSE,stock
600743,SH,华远控股,SSE,stock
600744,SH,华银电力,SSE,stock
600745,SH,闻泰科技,SSE,stock
600746,SH,江苏索普,SSE,stock
600748,SH,上实发展,SSE,stock
600749,SH,西藏旅游,SSE,stock
600750,SH,华润江中,SSE,stock
600751,SH,海航科技,SSE,stock
600753,SH,*ST海钦,SSE,stock
600754,SH,锦江酒店,SSE,stock
600755,SH,厦门国贸,SSE,stock
600756,SH,浪潮软件,SSE,stock
600757,SH,长江传媒,SSE,stock
600758,SH,辽宁能源,SSE,stock
600759,SH,洲际油气,SSE,stock
600760,SH,中航沈飞,SSE,stock
600761,SH,安徽合力,SSE,stock
600763,SH,通策医疗,SSE,stock
600764,SH,中国海防,SSE,stock
600765,SH,中航重机,SSE,stock
600768,SH,宁波富邦,SSE,stock
600769,SH,祥龙电业,SSE,stock
600770,SH,综艺股份,SSE,stock
600771,SH,广誉远,SSE,stock
600773,SH,西藏城投,SSE,stock
600774,SH,汉商集团,SSE,stock
600775,SH,南京熊猫,SSE,stock
600776,SH,东方通信,SSE,stock
600777,SH,*ST新潮,SSE,stock
600778,SH,友好集团,SSE,stock
600779,SH,水井坊,SSE,stock
600780,SH,通宝能源,SSE,stock
600782,SH,新钢股份,SSE,stock
600783,SH,鲁信创投,SSE,stock
600784,SH,鲁银投资,SSE,stock
600785,SH,新华百货,SSE,stock
600787,SH,中储股份,SSE,stock
600789,SH,鲁抗医药,SSE,stock
600790,SH,轻纺城,SSE,stock
600791,SH,京能置业,SSE,stock
600792,SH,云煤能源,SSE,stock
600793,SH,宜宾纸业,SSE,stock
600794,SH,保税科技,SSE,stock
600795,SH,国电电力,SSE,stock
600796,SH,钱江生化,SSE,stock
600797,SH,浙大网新,SSE,stock
600798,SH,宁波海运,SSE,stock
600800,SH,渤海化学,SSE,stock
600801,SH,华新建材,SSE,stock
600802,SH,福建水泥,SSE,stock
600803,SH,新奥股份,SSE,stock
600805,SH,悦达投资,SSE,stock
600807,SH,济高发展,SSE,stock
600808,SH,马钢股份,SSE,stock
600809,SH,山西汾酒,SSE,stock
600810,SH,神马股份,SSE,stock
600812,SH,华北制药,SSE,stock
600814,SH,杭州解百,SSE,stock
600815,SH,厦工股份,SSE,stock
600816,SH,建元信托,SSE,stock
600817,SH,宇通重工,SSE,stock
600818,SH,中路股份,SSE,stock
600819,SH,耀皮玻璃,SSE,stock
600820,SH,隧道股份,SSE,stock
600821,SH,金开新能,SSE,stock
600822,SH,上海物贸,SSE,stock
600824,SH,益民集团,SSE,stock
600825,SH,新华传媒,SSE,stock
600826,SH,兰生股份,SSE,stock
600827,SH,百联股份,SSE,stock
600828,SH,茂业商业,SSE,stock
600829,SH,人民同泰,SSE,stock
600830,SH,香溢融通,SSE,stock
600831,SH,广电网络,SSE,stock
600833,SH,第一医药,SSE,stock
600834,SH,申通地铁,SSE,stock
600835,SH,上海机电,SSE,stock
600838,SH,上海九百,SSE,stock
600839,SH,四川长虹,SSE,stock
600841,SH,动力新科,SSE,stock
600843,SH,上工申贝,SSE,stock
600844,SH,金煤科技,SSE,stock
600845,SH,宝信软件,SSE,stock
600846,SH,同济科技,SSE,stock
600847,SH,万里股份,SSE,stock
600848,SH,上海临港,SSE,stock
600850,SH,电科数字,SSE,stock
600851,SH,海欣股份,SSE,stock
600853,SH,龙建股份,SSE,stock
600854,SH,春兰股份,SSE,stock
600855,SH,航天长峰,SSE,stock
600857,SH,宁波中百,SSE,stock
600858,SH,银座股份,SSE,stock
600859,SH,王府井,SSE,stock
600860,SH,京城股份,SSE,stock
600861,SH,北京人力,SSE,stock
600862,SH,中航高科,SSE,stock
600863,SH,内蒙华电,SSE,stock
600864,SH,哈投股份,SSE,stock
600865,SH,百大集团,SSE,stock
600866,SH,星湖科技,SSE,stock
600867,SH,通化东宝,SSE,stock
600868,SH,梅雁吉祥,SSE,stock
600869,SH,远东股份,SSE,stock
600871,SH,石化油服,SSE,stock
600872,SH,中炬高新,SSE,stock
600873,SH,梅花生物,SSE,stock
600874,SH,创业环保,SSE,stock
600875,SH,东方电气,SSE,stock
600876,SH,凯盛新能,SSE,stock
600877,SH,电科芯片,SSE,stock
600879,SH,航天电子,SSE,stock
600880,SH,博瑞传播,SSE,stock
600881,SH,亚泰集团,SSE,stock
600882,SH,妙可蓝多,SSE,stock
600883,SH,博闻科技,SSE,stock
600884,SH,杉杉股份,SSE,stock
600885,SH,宏发股份,SSE,stock
600886,SH,国投电力,SSE,stock
600887,SH,伊利股份,SSE,stock
600888,SH,新疆众和,SSE,stock
600889,SH,南京化纤,SSE,stock
600892,SH,*ST大晟,SSE,stock
600893,SH,航发动力,SSE,stock
600894,SH,广日股份,SSE,stock
600895,SH,张江高科,SSE,stock
600897,SH,厦门空港,SSE,stock
600900,SH,长江电力,SSE,stock
600901,SH,江苏金租,SSE,stock
600903,SH,贵州燃气,SSE,stock
600905,SH,三峡能源,SSE,stock
600906,SH,财达证券,SSE,stock
600908,SH,无锡银行,SSE,stock
600909,SH,华安证券,SSE,stock
600916,SH,中国黄金,SSE,stock
600917,SH,重庆燃气,SSE,stock
600918,SH,中泰证券,SSE,stock
600919,SH,江苏银行,SSE,stock
600925,SH,苏能股份,SSE,stock
600926,SH,杭州银行,SSE,stock
600927,SH,永安期货,SSE,stock
600928,SH,西安银行,SSE,stock
600929,SH,雪天盐业,SSE,stock
600930,SH,华电新能,SSE,stock
600933,SH,爱柯迪,SSE,stock
600935,SH,华塑股份,SSE,stock
600936,SH,北投科技,SSE,stock
600938,SH,中国海油,SSE,stock
600939,SH,重庆建工,SSE,stock
600941,SH,中国移动,SSE,stock
600955,SH,维远股份,SSE,stock
600956,SH,新天绿能,SSE,stock
600958,SH,东方证券,SSE,stock
600959,SH,江苏有线,SSE,stock
600960,SH,渤海汽车,SSE,stock
600961,SH,株冶集团,SSE,stock
600962,SH,国投中鲁,SSE,stock
600963,SH,岳阳林纸,SSE,stock
600965,SH,福成股份,SSE,stock
600966,SH,博汇纸业,SSE,stock
600967,SH,内蒙一机,SSE,stock
600968,SH,海油发展,SSE,stock
600969,SH,郴电国际,SSE,stock
600970,SH,中材国际,SSE,stock
600971,SH,恒源煤电,SSE,stock
600973,SH,宝胜股份,SSE,stock
600975,SH,新五丰,SSE,stock
600976,SH,健民集团,SSE,stock
600977,SH,中国电影,SSE,stock
600979,SH,广安爱众,SSE,stock
600980,SH,北矿科技,SSE,stock
600981,SH,苏豪汇鸿,SSE,stock
600982,SH,宁波能源,SSE,stock
600983,SH,惠而浦,SSE,stock
600984,SH,建设机械,SSE,stock
600985,SH,淮北矿业,SSE,stock
600986,SH,浙文互联,SSE,stock
600987,SH,航民股份,SSE,stock
600988,SH,赤峰黄金,SSE,stock
600989,SH,宝丰能源,SSE,stock
600990,SH,四创电子,SSE,stock
600992,SH,贵绳股份,SSE,stock
600993,SH,马应龙,SSE,stock
600995,SH,南网储能,SSE,stock
600996,SH,贵广网络,SSE,stock
600997,SH,开滦股份,SSE,stock
600998,SH,九州通,SSE,stock
600999,SH,招商证券,SSE,stock
601000,SH,唐山港,SSE,stock
601001,SH,晋控煤业,SSE,stock
601002,SH,晋亿实业,SSE,stock
601003,SH,柳钢股份,SSE,stock
601005,SH,重庆钢铁,SSE,stock
601006,SH,大秦铁路,SSE,stock
601007,SH,金陵饭店,SSE,stock
601008,SH,连云港,SSE,stock
601009,SH,南京银行,SSE,stock
601010,SH,文峰股份,SSE,stock
601011,SH,宝泰隆,SSE,stock
601012,SH,隆基绿能,SSE,stock
601015,SH,陕西黑猫,SSE,stock
601016,SH,节能风电,SSE,stock
601018,SH,宁波港,SSE,stock
601019,SH,山东出版,SSE,stock
601020,SH,华钰矿业,SSE,stock
601021,SH,春秋航空,SSE,stock
601022,SH,宁波远洋,SSE,stock
601026,SH,道生天合,SSE,stock
601033,SH,永兴股份,SSE,stock
601038,SH,一拖股份,SSE,stock
601058,SH,赛轮轮胎,SSE,stock
601059,SH,信达证券,SSE,stock
601061,SH,中信金属,SSE,stock
601065,SH,江盐集团,SSE,stock
601066,SH,中信建投,SSE,stock
601068,SH,中铝国际,SSE,stock
601069,SH,西部黄金,SSE,stock
601077,SH,渝农商行,SSE,stock
601083,SH,锦江航运,SSE,stock
601086,SH,国芳集团,SSE,stock
601088,SH,中国神华,SSE,stock
601089,SH,福元医药,SSE,stock
601096,SH,宏盛华源,SSE,stock
601098,SH,中南传媒,SSE,stock
601099,SH,太平洋,SSE,stock
601100,SH,恒立液压,SSE,stock
601101,SH,昊华能源,SSE,stock
601106,SH,中国一重,SSE,stock
601107,SH,四川成渝,SSE,stock
601108,SH,财通证券,SSE,stock
601111,SH,中国国航,SSE,stock
601112,SH,振石股份,SSE,stock
601113,SH,华鼎股份,SSE,stock
601116,SH,三江购物,SSE,stock
601117,SH,中国化学,SSE,stock
601118,SH,海南橡胶,SSE,stock
601121,SH,宝地矿业,SSE,stock
601126,SH,四方股份,SSE,stock
601127,SH,赛力斯,SSE,stock
601128,SH,常熟银行,SSE,stock
601133,SH,柏诚股份,SSE,stock
601136,SH,首创证券,SSE,stock
601137,SH,博威合金,SSE,stock
601138,SH,工业富联,SSE,stock
601139,SH,深圳燃气,SSE,stock
601155,SH,新城控股,SSE,stock
601156,SH,东航物流,SSE,stock
601158,SH,重庆水务,SSE,stock
601162,SH,天风证券,SSE,stock
601163,SH,三角轮胎,SSE,stock
601166,SH,兴业银行,SSE,stock
601168,SH,西部矿业,SSE,stock
601169,SH,北京银行,SSE,stock
601177,SH,杭齿前进,SSE,stock
601179,SH,中国西电,SSE,stock
601186,SH,中国铁建,SSE,stock
601187,SH,厦门银行,SSE,stock
601188,SH,龙江交通,SSE,stock
601198,SH,东兴证券,SSE,stock
601199,SH,江南水务,SSE,stock
601200,SH,上海环境,SSE,stock
601208,SH,东材科技,SSE,stock
601211,SH,国泰海通,SSE,stock
601212,SH,白银有色,SSE,stock
601216,SH,君正集团,SSE,stock
601218,SH,吉鑫科技,SSE,stock
601222,SH,林洋能源,SSE,stock
601225,SH,陕西煤业,SSE,stock
601226,SH,华电科工,SSE,stock
601228,SH,广州港,SSE,stock
601229,SH,上海银行,SSE,stock
601231,SH,环旭电子,SSE,stock
601233,SH,桐昆股份,SSE,stock
601236,SH,红塔证券,SSE,stock
601238,SH,广汽集团,SSE,stock
601279,SH,英利汽车,SSE,stock
601288,SH,农业银行,SSE,stock
601298,SH,青岛港,SSE,stock
601311,SH,骆驼股份,SSE,stock
601318,SH,中国平安,SSE,stock
601319,SH,中国人保,SSE,stock
601326,SH,秦港股份,SSE,stock
601328,SH,交通银行,SSE,stock
601330,SH,绿色动力,SSE,stock
601333,SH,广深铁路,SSE,stock
601336,SH,新华保险,SSE,stock
601339,SH,百隆东方,SSE,stock
601360,SH,三六零,SSE,stock
601366,SH,利群股份,SSE,stock
601368,SH,绿城水务,SSE,stock
601369,SH,陕鼓动力,SSE,stock
601375,SH,中原证券,SSE,stock
601377,SH,兴业证券,SSE,stock
601388,SH,怡球资源,SSE,stock
601390,SH,中国中铁,SSE,stock
601398,SH,工商银行,SSE,stock
601399,SH,国机重装,SSE,stock
601456,SH,国联民生,SSE,stock
601500,SH,通用股份,SSE,stock
601512,SH,中新集团,SSE,stock
601515,SH,衢州东峰,SSE,stock
601518,SH,吉林高速,SSE,stock
601519,SH,大智慧,SSE,stock
601528,SH,瑞丰银行,SSE,stock
601555,SH,东吴证券,SSE,stock
601566,SH,九牧王,SSE,stock
601567,SH,三星医疗,SSE,stock
601568,SH,北元集团,SSE,stock
601577,SH,长沙银行,SSE,stock
601579,SH,会稽山,SSE,stock
601588,SH,北辰实业,SSE,stock
601595,SH,上海电影,SSE,stock
601598,SH,中国外运,SSE,stock
601599,SH,浙文影业,SSE,stock
601600,SH,中国铝业,SSE,stock
601601,SH,中国太保,SSE,stock
601606,SH,长城军工,SSE,stock
601607,SH,上海医药,SSE,stock
601608,SH,中信重工,SSE,stock
601609,SH,金田股份,SSE,stock
601611,SH,中国核建,SSE,stock
601615,SH,明阳智能,SSE,stock
601616,SH,广电电气,SSE,stock
601618,SH,中国中冶,SSE,stock
601619,SH,嘉泽新能,SSE,stock
601628,SH,中国人寿,SSE,stock
601633,SH,长城汽车,SSE,stock
601636,SH,旗滨集团,SSE,stock
601658,SH,邮储银行,SSE,stock
601665,SH,齐鲁银行,SSE,stock
601666,SH,平煤股份,SSE,stock
601668,SH,中国建筑,SSE,stock
601669,SH,中国电建,SSE,stock
601677,SH,明泰铝业,SSE,stock
601678,SH,滨化股份,SSE,stock
601686,SH,友发集团,SSE,stock
601688,SH,华泰证券,SSE,stock
601689,SH,拓普集团,SSE,stock
601696,SH,中银证券,SSE,stock
601698,SH,中国卫通,SSE,stock
601699,SH,潞安环能,SSE,stock
601700,SH,风范股份,SSE,stock
601702,SH,华峰铝业,SSE,stock
601717,SH,中创智领,SSE,stock
601718,SH,际华集团,SSE,stock
601727,SH,上海电气,SSE,stock
601728,SH,中国电信,SSE,stock
601766,SH,中国中车,SSE,stock
601777,SH,千里科技,SSE,stock
601778,SH,晶科科技,SSE,stock
601788,SH,光大证券,SSE,stock
601789,SH,宁波建工,SSE,stock
601798,SH,蓝科高新,SSE,stock
601799,SH,星宇股份,SSE,stock
601800,SH,中国交建,SSE,stock
601801,SH,皖新传媒,SSE,stock
601808,SH,中海油服,SSE,stock
601811,SH,新华文轩,SSE,stock
601816,SH,京沪高铁,SSE,stock
601818,SH,光大银行,SSE,stock
601825,SH,沪农商行,SSE,stock
601827,SH,三峰环境,SSE,stock
601828,SH,美凯龙,SSE,stock
601838,SH,成都银行,SSE,stock
601857,SH,中国石油,SSE,stock
601858,SH,中国科传,SSE,stock
601860,SH,紫金银行,SSE,stock
601865,SH,福莱特,SSE,stock
601866,SH,中远海发,SSE,stock
601868,SH,中国能建,SSE,stock
601869,SH,长飞光纤,SSE,stock
601872,SH,招商轮船,SSE,stock
601877,SH,正泰电器,SSE,stock
601878,SH,浙商证券,SSE,stock
601880,SH,辽港股份,SSE,stock
601881,SH,中国银河,SSE,stock
601882,SH,海天精工,SSE,stock
601886,SH,江河集团,SSE,stock
601888,SH,中国中免,SSE,stock
601890,SH,亚星锚链,SSE,stock
601898,SH,中煤能源,SSE,stock
601899,SH,紫金矿业,SSE,stock
601900,SH,南方传媒,SSE,stock
601901,SH,方正证券,SSE,stock
601908,SH,京运通,SSE,stock
601916,SH,浙商银行,SSE,stock
601918,SH,新集能源,SSE,stock
601919,SH,中远海控,SSE,stock
601921,SH,浙版传媒,SSE,stock
601928,SH,凤凰传媒,SSE,stock
601929,SH,吉视传媒,SSE,stock
601933,SH,永辉超市,SSE,stock
601939,SH,建设银行,SSE,stock
601949,SH,中国出版,SSE,stock
601952,SH,苏垦农发,SSE,stock
601956,SH,东贝集团,SSE,stock
601958,SH,金钼股份,SSE,stock
601963,SH,重庆银行,SSE,stock
601965,SH,中国汽研,SSE,stock
601966,SH,玲珑轮胎,SSE,stock
601968,SH,宝钢包装,SSE,stock
601969,SH,海南矿业,SSE,stock
601975,SH,招商南油,SSE,stock
601985,SH,中国核电,SSE,stock
601988,SH,中国银行,SSE,stock
601990,SH,南京证券,SSE,stock
601991,SH,大唐发电,SSE,stock
601992,SH,金隅集团,SSE,stock
601995,SH,中金公司,SSE,stock
601996,SH,丰林集团,SSE,stock
601997,SH,贵阳银行,SSE,stock
601998,SH,中信银行,SSE,stock
601999,SH,出版传媒,SSE,stock
603000,SH,人民网,SSE,stock
603001,SH,奥康国际,SSE,stock
603002,SH,宏昌电子,SSE,stock
603004,SH,鼎龙科技,SSE,stock
603005,SH,晶方科技,SSE,stock
603006,SH,联明股份,SSE,stock
603007,SH,*ST花王,SSE,stock
603008,SH,喜临门,SSE,stock
603009,SH,北特科技,SSE,stock
603010,SH,万盛股份,SSE,stock
603011,SH,合锻智能,SSE,stock
603012,SH,创力集团,SSE,stock
603013,SH,亚普股份,SSE,stock
603014,SH,威高血净,SSE,stock
603015,SH,弘讯科技,SSE,stock
603016,SH,新宏泰,SSE,stock
603017,SH,中衡设计,SSE,stock
603018,SH,华设集团,SSE,stock
603019,SH,中科曙光,SSE,stock
603020,SH,爱普股份,SSE,stock
603021,SH,ST华鹏,SSE,stock
603022,SH,新通联,SSE,stock
603023,SH,威帝股份,SSE,stock
603025,SH,大豪科技,SSE,stock
603026,SH,石大胜华,SSE,stock
603027,SH,千禾味业,SSE,stock
603028,SH,赛福天,SSE,stock
603029,SH,天鹅股份,SSE,stock
603030,SH,全筑股份,SSE,stock
603031,SH,安孚科技,SSE,stock
603032,SH,德新科技,SSE,stock
603033,SH,三维股份,SSE,stock
603035,SH,常熟汽饰,SSE,stock
603036,SH,如通股份,SSE,stock
603037,SH,凯众股份,SSE,stock
603038,SH,华立股份,SSE,stock
603039,SH,泛微网络,SSE,stock
603040,SH,新坐标,SSE,stock
603041,SH,美思德,SSE,stock
603042,SH,华脉科技,SSE,stock
603043,SH,广州酒家,SSE,stock
603045,SH,福达合金,SSE,stock
603048,SH,浙江黎明,SSE,stock
603049,SH,中策橡胶,SSE,stock
603050,SH,科林电气,SSE,stock
603051,SH,鹿山新材,SSE,stock
603052,SH,可川科技,SSE,stock
603053,SH,成都燃气,SSE,stock
603055,SH,台华新材,SSE,stock
603056,SH,德邦股份,SSE,stock
603057,SH,紫燕食品,SSE,stock
603058,SH,永吉股份,SSE,stock
603059,SH,倍加洁,SSE,stock
603060,SH,国检集团,SSE,stock
603061,SH,金海通,SSE,stock
603062,SH,麦加芯彩,SSE,stock
603063,SH,禾望电气,SSE,stock
603065,SH,宿迁联盛,SSE,stock
603066,SH,音飞储存,SSE,stock
603067,SH,振华股份,SSE,stock
603068,SH,博通集成,SSE,stock
603069,SH,海汽集团,SSE,stock
603070,SH,万控智造,SSE,stock
603071,SH,物产环能,SSE,stock
603072,SH,天和磁材,SSE,stock
603073,SH,彩蝶实业,SSE,stock
603075,SH,热威股份,SSE,stock
603076,SH,乐惠国际,SSE,stock
603077,SH,和邦生物,SSE,stock
603078,SH,江化微,SSE,stock
603079,SH,圣达生物,SSE,stock
603080,SH,新疆火炬,SSE,stock
603081,SH,大丰实业,SSE,stock
603082,SH,北自科技,SSE,stock
603083,SH,剑桥科技,SSE,stock
603085,SH,天成自控,SSE,stock
603086,SH,先达股份,SSE,stock
603087,SH,甘李药业,SSE,stock
603088,SH,宁波精达,SSE,stock
603089,SH,正裕工业,SSE,stock
603090,SH,宏盛股份,SSE,stock
603091,SH,众鑫股份,SSE,stock
603092,SH,德力佳,SSE,stock
603093,SH,南华期货,SSE,stock
603095,SH,越剑智能,SSE,stock
603096,SH,新经典,SSE,stock
603097,SH,江苏华辰,SSE,stock
603098,SH,森特股份,SSE,stock
603099,SH,长白山,SSE,stock
603100,SH,川仪股份,SSE,stock
603101,SH,汇嘉时代,SSE,stock
603102,SH,百合股份,SSE,stock
603103,SH,横店影视,SSE,stock
603105,SH,芯能科技,SSE,stock
603106,SH,恒银科技,SSE,stock
603107,SH,上海汽配,SSE,stock
603108,SH,润达医疗,SSE,stock
603109,SH,神驰机电,SSE,stock
603110,SH,东方材料,SSE,stock
603111,SH,康尼机电,SSE,stock
603112,SH,华翔股份,SSE,stock
603113,SH,金能科技,SSE,stock
603115,SH,海星股份,SSE,stock
603116,SH,红蜻蜓,SSE,stock
603117,SH,万林物流,SSE,stock
603118,SH,共进股份,SSE,stock
603119,SH,浙江荣泰,SSE,stock
603120,SH,肯特催化,SSE,stock
603121,SH,华培动力,SSE,stock
603122,SH,合富中国,SSE,stock
603123,SH,翠微股份,SSE,stock
603124,SH,江南新材,SSE,stock
603125,SH,常青科技,SSE,stock
603126,SH,中材节能,SSE,stock
603127,SH,昭衍新药,SSE,stock
603128,SH,华贸物流,SSE,stock
603129,SH,春风动力,SSE,stock
603130,SH,云中马,SSE,stock
603131,SH,上海沪工,SSE,stock
603132,SH,金徽股份,SSE,stock
603135,SH,中重科技,SSE,stock
603136,SH,天目湖,SSE,stock
603137,SH,恒尚节能,SSE,stock
603138,SH,海量数据,SSE,stock
603139,SH,康惠股份,SSE,stock
603150,SH,万朗磁塑,SSE,stock
603151,SH,邦基科技,SSE,stock
603153,SH,上海建科,SSE,stock
603155,SH,新亚强,SSE,stock
603156,SH,养元饮品,SSE,stock
603158,SH,腾龙股份,SSE,stock
603159,SH,上海亚虹,SSE,stock
603160,SH,汇顶科技,SSE,stock
603161,SH,科华控股,SSE,stock
603162,SH,海通发展,SSE,stock
603163,SH,圣晖集成,SSE,stock
603165,SH,荣晟环保,SSE,stock
603166,SH,福达股份,SSE,stock
603167,SH,渤海轮渡,SSE,stock
603168,SH,莎普爱思,SSE,stock
603169,SH,兰石重装,SSE,stock
603170,SH,宝立食品,SSE,stock
603171,SH,税友股份,SSE,stock
603172,SH,万丰股份,SSE,stock
603173,SH,福斯达,SSE,stock
603175,SH,超颖电子,SSE,stock
603176,SH,汇通集团,SSE,stock
603177,SH,德创环保,SSE,stock
603178,SH,圣龙股份,SSE,stock
603179,SH,新泉股份,SSE,stock
603180,SH,金牌家居,SSE,stock
603181,SH,皇马科技,SSE,stock
603182,SH,嘉华股份,SSE,stock
603183,SH,建研院,SSE,stock
603185,SH,弘元绿能,SSE,stock
603186,SH,华正新材,SSE,stock
603187,SH,海容冷链,SSE,stock
603188,SH,亚邦股份,SSE,stock
603189,SH,网达软件,SSE,stock
603190,SH,亚通精工,SSE,stock
603191,SH,望变电气,SSE,stock
603192,SH,汇得科技,SSE,stock
603193,SH,润本股份,SSE,stock
603194,SH,中力股份,SSE,stock
603195,SH,公牛集团,SSE,stock
603196,SH,日播时尚,SSE,stock
603197,SH,保隆科技,SSE,stock
603198,SH,迎驾贡酒,SSE,stock
603199,SH,九华旅游,SSE,stock
603200,SH,上海洗霸,SSE,stock
603201,SH,常润股份,SSE,stock
603202,SH,天有为,SSE,stock
603203,SH,快克智能,SSE,stock
603205,SH,健尔康,SSE,stock
603206,SH,嘉环科技,SSE,stock
603207,SH,小方制药,SSE,stock
603208,SH,江山欧派,SSE,stock
603209,SH,兴通股份,SSE,stock
603210,SH,泰鸿万立,SSE,stock
603211,SH,晋拓股份,SSE,stock
603212,SH,赛伍技术,SSE,stock
603213,SH,镇洋发展,SSE,stock
603214,SH,爱婴室,SSE,stock
603215,SH,比依股份,SSE,stock
603216,SH,梦天家居,SSE,stock
603217,SH,元利科技,SSE,stock
603218,SH,日月股份,SSE,stock
603219,SH,富佳股份,SSE,stock
603220,SH,中贝通信,SSE,stock
603221,SH,爱丽家居,SSE,stock
603222,SH,济民健康,SSE,stock
603223,SH,恒通股份,SSE,stock
603225,SH,新凤鸣,SSE,stock
603226,SH,菲林格尔,SSE,stock
603227,SH,雪峰科技,SSE,stock
603228,SH,景旺电子,SSE,stock
603229,SH,奥翔药业,SSE,stock
603230,SH,内蒙新华,SSE,stock
603231,SH,索宝蛋白,SSE,stock
603232,SH,格尔软件,SSE,stock
603233,SH,大参林,SSE,stock
603235,SH,天新药业,SSE,stock
603236,SH,移远通信,SSE,stock
603237,SH,五芳斋,SSE,stock
603238,SH,诺邦股份,SSE,stock
603239,SH,浙江仙通,SSE,stock
603248,SH,锡华科技,SSE,stock
603255,SH,鼎际得,SSE,stock
603256,SH,宏和科技,SSE,stock
603257,SH,中国瑞林,SSE,stock
603258,SH,电魂网络,SSE,stock
603259,SH,药明康德,SSE,stock
603260,SH,合盛硅业,SSE,stock
603261,SH,*ST立航,SSE,stock
603262,SH,技源集团,SSE,stock
603266,SH,天龙股份,SSE,stock
603267,SH,鸿远电子,SSE,stock
603268,SH,*ST松发,SSE,stock
603269,SH,海鸥股份,SSE,stock
603270,SH,金帝股份,SSE,stock
603271,SH,永杰新材,SSE,stock
603272,SH,联翔股份,SSE,stock
603273,SH,天元智能,SSE,stock
603275,SH,众辰科技,SSE,stock
603276,SH,恒兴新材,SSE,stock
603277,SH,银都股份,SSE,stock
603278,SH,大业股份,SSE,stock
603279,SH,景津装备,SSE,stock
603280,SH,南方路机,SSE,stock
603281,SH,江瀚新材,SSE,stock
603282,SH,亚光股份,SSE,stock
603283,SH,赛腾股份,SSE,stock
603284,SH,林平发展,SSE,stock
603285,SH,键邦股份,SSE,stock
603286,SH,日盈电子,SSE,stock
603288,SH,海天味业,SSE,stock
603289,SH,泰瑞机器,SSE,stock
603290,SH,斯达半导,SSE,stock
603291,SH,联合水务,SSE,stock
603296,SH,华勤技术,SSE,stock
603297,SH,永新光学,SSE,stock
603298,SH,杭叉集团,SSE,stock
603299,SH,苏盐井神,SSE,stock
603300,SH,海南华铁,SSE,stock
603301,SH,振德医疗,SSE,stock
603303,SH,得邦照明,SSE,stock
603305,SH,旭升集团,SSE,stock
603306,SH,华懋科技,SSE,stock
603307,SH,扬州金泉,SSE,stock
603308,SH,应流股份,SSE,stock
603309,SH,维力医疗,SSE,stock
603310,SH,巍华新材,SSE,stock
603311,SH,金海高科,SSE,stock
603312,SH,西典新能,SSE,stock
603313,SH,梦百合,SSE,stock
603315,SH,福鞍股份,SSE,stock
603316,SH,诚邦股份,SSE,stock
603317,SH,天味食品,SSE,stock
603318,SH,水发燃气,SSE,stock
603319,SH,美湖股份,SSE,stock
603320,SH,迪贝电气,SSE,stock
603321,SH,梅轮电梯,SSE,stock
603322,SH,超讯通信,SSE,stock
603323,SH,苏农银行,SSE,stock
603324,SH,盛剑科技,SSE,stock
603325,SH,博隆技术,SSE,stock
603326,SH,我乐家居,SSE,stock
603327,SH,福蓉科技,SSE,stock
603328,SH,依顿电子,SSE,stock
603329,SH,上海雅仕,SSE,stock
603330,SH,天洋新材,SSE,stock
603331,SH,百达精工,SSE,stock
603332,SH,苏州龙杰,SSE,stock
603333,SH,尚纬股份,SSE,stock
603334,SH,丰倍生物,SSE,stock
603335,SH,迪生力,SSE,stock
603336,SH,宏辉果蔬,SSE,stock
603337,SH,杰克科技,SSE,stock
603338,SH,浙江鼎力,SSE,stock
603339,SH,四方科技,SSE,stock
603341,SH,龙旗科技,SSE,stock
603344,SH,星德胜,SSE,stock
603345,SH,安井食品,SSE,stock
603348,SH,文灿股份,SSE,stock
603350,SH,安乃达,SSE,stock
603351,SH,威尔药业,SSE,stock
603352,SH,至信股份,SSE,stock
603353,SH,和顺石油,SSE,stock
603355,SH,莱克电气,SSE,stock
603356,SH,华菱精工,SSE,stock
603357,SH,设计总院,SSE,stock
603358,SH,华达科技,SSE,stock
603359,SH,东珠生态,SSE,stock
603360,SH,百傲化学,SSE,stock
603363,SH,傲农生物,SSE,stock
603365,SH,水星家纺,SSE,stock
603366,SH,日出东方,SSE,stock
603367,SH,辰欣药业,SSE,stock
603368,SH,柳药集团,SSE,stock
603369,SH,今世缘,SSE,stock
603370,SH,华新精科,SSE,stock
603373,SH,安邦护卫,SSE,stock
603375,SH,盛景微,SSE,stock
603376,SH,大明电子,SSE,stock
603377,SH,ST东时,SSE,stock
603378,SH,亚士创能,SSE,stock
603379,SH,三美股份,SSE,stock
603380,SH,易德龙,SSE,stock
603381,SH,永臻股份,SSE,stock
603382,SH,海阳科技,SSE,stock
603383,SH,顶点软件,SSE,stock
603385,SH,惠达卫浴,SSE,stock
603386,SH,骏亚科技,SSE,stock
603387,SH,基蛋生物,SSE,stock
603389,SH,*ST亚振,SSE,stock
603390,SH,通达电气,SSE,stock
603391,SH,力聚热能,SSE,stock
603392,SH,万泰生物,SSE,stock
603393,SH,新天然气,SSE,stock
603395,SH,红四方,SSE,stock
603396,SH,金辰股份,SSE,stock
603398,SH,*ST沐邦,SSE,stock
603399,SH,永杉锂业,SSE,stock
603400,SH,华之杰,SSE,stock
603402,SH,陕西旅游,SSE,stock
603406,SH,天富龙,SSE,stock
603408,SH,建霖家居,SSE,stock
603409,SH,汇通控股,SSE,stock
603416,SH,信捷电气,SSE,stock
603418,SH,友升股份,SSE,stock
603421,SH,鼎信通讯,SSE,stock
603429,SH,集友股份,SSE,stock
603439,SH,三力制药,SSE,stock
603444,SH,吉比特,SSE,stock
603456,SH,九洲药业,SSE,stock
603458,SH,勘设股份,SSE,stock
603466,SH,风语筑,SSE,stock
603477,SH,巨星农牧,SSE,stock
603486,SH,科沃斯,SSE,stock
603488,SH,展鹏科技,SSE,stock
603489,SH,八方股份,SSE,stock
603496,SH,恒为科技,SSE,stock
603499,SH,翔港科技,SSE,stock
603500,SH,祥和实业,SSE,stock
603501,SH,豪威集团,SSE,stock
603505,SH,金石资源,SSE,stock
603506,SH,南都物业,SSE,stock
603507,SH,振江股份,SSE,stock
603508,SH,思维列控,SSE,stock
603511,SH,爱慕股份,SSE,stock
603515,SH,欧普照明,SSE,stock
603516,SH,淳中科技,SSE,stock
603517,SH,ST绝味,SSE,stock
603518,SH,锦泓集团,SSE,stock
603519,SH,立霸股份,SSE,stock
603520,SH,司太立,SSE,stock
603527,SH,众源新材,SSE,stock
603528,SH,多伦科技,SSE,stock
603529,SH,爱玛科技,SSE,stock
603530,SH,神马电力,SSE,stock
603533,SH,掌阅科技,SSE,stock
603535,SH,嘉诚国际,SSE,stock
603536,SH,惠发食品,SSE,stock
603538,SH,美诺华,SSE,stock
603551,SH,奥普科技,SSE,stock
603556,SH,海兴电力,SSE,stock
603557,SH,ST起步,SSE,stock
603558,SH,健盛集团,SSE,stock
603559,SH,ST通脉,SSE,stock
603565,SH,中谷物流,SSE,stock
603566,SH,普莱柯,SSE,stock
603567,SH,珍宝岛,SSE,stock
603568,SH,伟明环保,SSE,stock
603569,SH,长久物流,SSE,stock
603577,SH,汇金通,SSE,stock
603578,SH,三星新材,SSE,stock
603579,SH,荣泰健康,SSE,stock
603580,SH,*ST艾艾,SSE,stock
603583,SH,捷昌驱动,SSE,stock
603585,SH,苏利股份,SSE,stock
603586,SH,金麒麟,SSE,stock
603587,SH,地素时尚,SSE,stock
603588,SH,高能环境,SSE,stock
603589,SH,口子窖,SSE,stock
603590,SH,康辰药业,SSE,stock
603595,SH,ST东尼,SSE,stock
603596,SH,伯特利,SSE,stock
603598,SH,引力传媒,SSE,stock
603599,SH,广信股份,SSE,stock
603600,SH,永艺股份,SSE,stock
603601,SH,再升科技,SSE,stock
603602,SH,纵横通信,SSE,stock
603605,SH,珀莱雅,SSE,stock
603606,SH,东方电缆,SSE,stock
603607,SH,京华激光,SSE,stock
603608,SH,天创时尚,SSE,stock
603609,SH,禾丰股份,SSE,stock
603610,SH,麒盛科技,SSE,stock
603611,SH,诺力股份,SSE,stock
603612,SH,索通发展,SSE,stock
603613,SH,国联股份,SSE,stock
603615,SH,茶花股份,SSE,stock
603616,SH,韩建河山,SSE,stock
603617,SH,君禾股份,SSE,stock
603618,SH,杭电股份,SSE,stock
603619,SH,中曼石油,SSE,stock
603626,SH,科森科技,SSE,stock
603628,SH,清源股份,SSE,stock
603629,SH,利通电子,SSE,stock
603630,SH,拉芳家化,SSE,stock
603633,SH,徕木股份,SSE,stock
603636,SH,南威软件,SSE,stock
603637,SH,镇海股份,SSE,stock
603638,SH,艾迪精密,SSE,stock
603639,SH,海利尔,SSE,stock
603648,SH,畅联股份,SSE,stock
603650,SH,彤程新材,SSE,stock
603655,SH,朗博科技,SSE,stock
603656,SH,泰禾智能,SSE,stock
603657,SH,春光科技,SSE,stock
603658,SH,安图生物,SSE,stock
603659,SH,璞泰来,SSE,stock
603660,SH,苏州科达,SSE,stock
603661,SH,恒林股份,SSE,stock
603662,SH,柯力传感,SSE,stock
603663,SH,三祥新材,SSE,stock
603665,SH,康隆达,SSE,stock
603666,SH,亿嘉和,SSE,stock
603667,SH,五洲新春,SSE,stock
603668,SH,天马科技,SSE,stock
603669,SH,灵康药业,SSE,stock
603676,SH,卫信康,SSE,stock
603677,SH,奇精机械,SSE,stock
603678,SH,火炬电子,SSE,stock
603679,SH,华体科技,SSE,stock
603680,SH,今创集团,SSE,stock
603681,SH,永冠新材,SSE,stock
603682,SH,锦和商管,SSE,stock
603683,SH,晶华新材,SSE,stock
603685,SH,晨丰科技,SSE,stock
603686,SH,福龙马,SSE,stock
603687,SH,大胜达,SSE,stock
603688,SH,石英股份,SSE,stock
603689,SH,皖天然气,SSE,stock
603690,SH,至纯科技,SSE,stock
603693,SH,江苏新能,SSE,stock
603696,SH,安记食品,SSE,stock
603697,SH,有友食品,SSE,stock
603698,SH,航天工程,SSE,stock
603699,SH,纽威股份,SSE,stock
603700,SH,宁水集团,SSE,stock
603701,SH,德宏股份,SSE,stock
603703,SH,盛洋科技,SSE,stock
603706,SH,东方环宇,SSE,stock
603707,SH,健友股份,SSE,stock
603708,SH,家家悦,SSE,stock
603709,SH,中源家居,SSE,stock
603711,SH,香飘飘,SSE,stock
603712,SH,七一二,SSE,stock
603713,SH,密尔克卫,SSE,stock
603716,SH,塞力医疗,SSE,stock
603717,SH,天域生物,SSE,stock
603718,SH,海利生物,SSE,stock
603719,SH,良品铺子,SSE,stock
603721,SH,*ST天择,SSE,stock
603722,SH,阿科力,SSE,stock
603725,SH,天安新材,SSE,stock
603726,SH,朗迪集团,SSE,stock
603727,SH,博迈科,SSE,stock
603728,SH,鸣志电器,SSE,stock
603729,SH,龙韵股份,SSE,stock
603730,SH,岱美股份,SSE,stock
603733,SH,仙鹤股份,SSE,stock
603737,SH,三棵树,SSE,stock
603738,SH,泰晶科技,SSE,stock
603739,SH,蔚蓝生物,SSE,stock
603755,SH,日辰股份,SSE,stock
603757,SH,大元泵业,SSE,stock
603758,SH,秦安股份,SSE,stock
603759,SH,海天股份,SSE,stock
603766,SH,隆鑫通用,SSE,stock
603767,SH,中马传动,SSE,stock
603768,SH,常青股份,SSE,stock
603773,SH,沃格光电,SSE,stock
603776,SH,永安行,SSE,stock
603777,SH,来伊份,SSE,stock
603778,SH,国晟科技,SSE,stock
603779,SH,威龙股份,SSE,stock
603786,SH,科博达,SSE,stock
603787,SH,新日股份,SSE,stock
603788,SH,宁波高发,SSE,stock
603789,SH,*ST星农,SSE,stock
603790,SH,雅运股份,SSE,stock
603797,SH,联泰环保,SSE,stock
603798,SH,康普顿,SSE,stock
603799,SH,华友钴业,SSE,stock
603800,SH,洪田股份,SSE,stock
603801,SH,志邦家居,SSE,stock
603803,SH,瑞斯康达,SSE,stock
603806,SH,福斯特,SSE,stock
603808,SH,歌力思,SSE,stock
603809,SH,豪能股份,SSE,stock
603810,SH,丰山集团,SSE,stock
603811,SH,诚意药业,SSE,stock
603813,SH,*ST原尚,SSE,stock
603815,SH,交建股份,SSE,stock
603816,SH,顾家家居,SSE,stock
603817,SH,海峡环保,SSE,stock
603818,SH,曲美家居,SSE,stock
603819,SH,神力股份,SSE,stock
603822,SH,ST嘉澳,SSE,stock
603823,SH,百合花,SSE,stock
603825,SH,ST华扬,SSE,stock
603826,SH,坤彩科技,SSE,stock
603828,SH,ST柯利达,SSE,stock
603829,SH,洛凯股份,SSE,stock
603833,SH,欧派家居,SSE,stock
603836,SH,海程邦达,SSE,stock
603838,SH,*ST四通,SSE,stock
603839,SH,安正时尚,SSE,stock
603843,SH,*ST正平,SSE,stock
603848,SH,好太太,SSE,stock
603855,SH,华荣股份,SSE,stock
603856,SH,东宏股份,SSE,stock
603858,SH,步长制药,SSE,stock
603859,SH,能科科技,SSE,stock
603860,SH,中公高科,SSE,stock
603861,SH,白云电器,SSE,stock
603863,SH,松炀资源,SSE,stock
603866,SH,桃李面包,SSE,stock
603867,SH,新化股份,SSE,stock
603868,SH,飞科电器,SSE,stock
603869,SH,ST智知,SSE,stock
603871,SH,嘉友国际,SSE,stock
603876,SH,鼎胜新材,SSE,stock
603877,SH,太平鸟,SSE,stock
603878,SH,武进不锈,SSE,stock
603879,SH,永悦科技,SSE,stock
603880,SH,南卫股份,SSE,stock
603881,SH,数据港,SSE,stock
603882,SH,金域医学,SSE,stock
603883,SH,老百姓,SSE,stock
603885,SH,吉祥航空,SSE,stock
603886,SH,元祖股份,SSE,stock
603887,SH,城地香江,SSE,stock
603888,SH,新华网,SSE,stock
603889,SH,新澳股份,SSE,stock
603890,SH,春秋电子,SSE,stock
603893,SH,瑞芯微,SSE,stock
603895,SH,天永智能,SSE,stock
603896,SH,寿仙谷,SSE,stock
603897,SH,长城科技,SSE,stock
603898,SH,好莱客,SSE,stock
603899,SH,晨光股份,SSE,stock
603900,SH,莱绅通灵,SSE,stock
603901,SH,永创智能,SSE,stock
603903,SH,中持股份,SSE,stock
603906,SH,龙蟠科技,SSE,stock
603908,SH,牧高笛,SSE,stock
603909,SH,建发合诚,SSE,stock
603912,SH,佳力图,SSE,stock
603915,SH,国茂股份,SSE,stock
603916,SH,苏博特,SSE,stock
603917,SH,合力科技,SSE,stock
603918,SH,金桥信息,SSE,stock
603919,SH,金徽酒,SSE,stock
603920,SH,世运电路,SSE,stock
603922,SH,金鸿顺,SSE,stock
603926,SH,铁流股份,SSE,stock
603927,SH,中科软,SSE,stock
603928,SH,兴业股份,SSE,stock
603929,SH,亚翔集成,SSE,stock
603931,SH,格林达,SSE,stock
603933,SH,睿能科技,SSE,stock
603936,SH,博敏电子,SSE,stock
603937,SH,丽岛新材,SSE,stock
603938,SH,三孚股份,SSE,stock
603939,SH,益丰药房,SSE,stock
603948,SH,建业股份,SSE,stock
603949,SH,雪龙集团,SSE,stock
603950,SH,长源东谷,SSE,stock
603955,SH,大千生态,SSE,stock
603956,SH,威派格,SSE,stock
603958,SH,哈森股份,SSE,stock
603959,SH,百利科技,SSE,stock
603960,SH,克来机电,SSE,stock
603966,SH,法兰泰克,SSE,stock
603967,SH,中创物流,SSE,stock
603968,SH,醋化股份,SSE,stock
603969,SH,银龙股份,SSE,stock
603970,SH,中农立华,SSE,stock
603976,SH,正川股份,SSE,stock
603977,SH,国泰集团,SSE,stock
603978,SH,深圳新星,SSE,stock
603979,SH,金诚信,SSE,stock
603980,SH,吉华集团,SSE,stock
603982,SH,泉峰汽车,SSE,stock
603983,SH,丸美生物,SSE,stock
603985,SH,恒润股份,SSE,stock
603986,SH,兆易创新,SSE,stock
603987,SH,康德莱,SSE,stock
603988,SH,中电电机,SSE,stock
603989,SH,艾华集团,SSE,stock
603990,SH,麦迪科技,SSE,stock
603991,SH,至正股份,SSE,stock
603992,SH,松霖科技,SSE,stock
603993,SH,洛阳钼业,SSE,stock
603995,SH,甬金股份,SSE,stock
603997,SH,继峰股份,SSE,stock
603998,SH,方盛制药,SSE,stock
603999,SH,读者传媒,SSE,stock
605001,SH,威奥股份,SSE,stock
605003,SH,众望布艺,SSE,stock
605005,SH,合兴股份,SSE,stock
605006,SH,山东玻纤,SSE,stock
605007,SH,五洲特纸,SSE,stock
605008,SH,长鸿高科,SSE,stock
605009,SH,豪悦护理,SSE,stock
605011,SH,杭州热电,SSE,stock
605016,SH,百龙创园,SSE,stock
605018,SH,长华集团,SSE,stock
605020,SH,永和股份,SSE,stock
605028,SH,世茂能源,SSE,stock
605033,SH,美邦股份,SSE,stock
605050,SH,福然德,SSE,stock
605055,SH,迎丰股份,SSE,stock
605056,SH,咸亨国际,SSE,stock
605058,SH,澳弘电子,SSE,stock
605060,SH,联德股份,SSE,stock
605066,SH,天正电气,SSE,stock
605068,SH,明新旭腾,SSE,stock
605069,SH,正和生态,SSE,stock
605077,SH,华康股份,SSE,stock
605080,SH,浙江自然,SSE,stock
605081,SH,*ST太和,SSE,stock
605086,SH,龙高股份,SSE,stock
605088,SH,冠盛股份,SSE,stock
605089,SH,味知香,SSE,stock
605090,SH,九丰能源,SSE,stock
605098,SH,行动教育,SSE,stock
605099,SH,共创草坪,SSE,stock
605100,SH,华丰股份,SSE,stock
605108,SH,同庆楼,SSE,stock
605111,SH,新洁能,SSE,stock
605116,SH,奥锐特,SSE,stock
605117,SH,德业股份,SSE,stock
605118,SH,力鼎光电,SSE,stock
605122,SH,四方新材,SSE,stock
605123,SH,派克新材,SSE,stock
605128,SH,上海沿浦,SSE,stock
605133,SH,嵘泰股份,SSE,stock
605136,SH,丽人丽妆,SSE,stock
605138,SH,盛泰集团,SSE,stock
605151,SH,西上海,SSE,stock
605155,SH,西大门,SSE,stock
605158,SH,华达新材,SSE,stock
605162,SH,新中港,SSE,stock
605166,SH,聚合顺,SSE,stock
605167,SH,利柏特,SSE,stock
605168,SH,三人行,SSE,stock
605169,SH,洪通燃气,SSE,stock
605177,SH,东亚药业,SSE,stock
605178,SH,时空科技,SSE,stock
605179,SH,一鸣食品,SSE,stock
605180,SH,华生科技,SSE,stock
605183,SH,确成股份,SSE,stock
605186,SH,健麾信息,SSE,stock
605188,SH,国光连锁,SSE,stock
605189,SH,富春染织,SSE,stock
605196,SH,华通线缆,SSE,stock
605198,SH,安德利,SSE,stock
605199,SH,ST葫芦娃,SSE,stock
605208,SH,永茂泰,SSE,stock
605218,SH,伟时电子,SSE,stock
605222,SH,起帆电缆,SSE,stock
605228,SH,神通科技,SSE,stock
605255,SH,天普股份,SSE,stock
605258,SH,协和电子,SSE,stock
605259,SH,绿田机械,SSE,stock
605266,SH,健之佳,SSE,stock
605268,SH,王力安防,SSE,stock
605277,SH,新亚电子,SSE,stock
605286,SH,同力天启,SSE,stock
605287,SH,德才股份,SSE,stock
605288,SH,凯迪股份,SSE,stock
605289,SH,罗曼股份,SSE,stock
605296,SH,神农集团,SSE,stock
605298,SH,必得科技,SSE,stock
605299,SH,舒华体育,SSE,stock
605300,SH,佳禾食品,SSE,stock
605303,SH,园林股份,SSE,stock
605305,SH,中际联合,SSE,stock
605318,SH,法狮龙,SSE,stock
605319,SH,无锡振华,SSE,stock
605333,SH,沪光股份,SSE,stock
605336,SH,帅丰电器,SSE,stock
605337,SH,李子园,SSE,stock
605338,SH,巴比食品,SSE,stock
605339,SH,南侨食品,SSE,stock
605358,SH,立昂微,SSE,stock
605365,SH,立达信,SSE,stock
605366,SH,宏柏新材,SSE,stock
605368,SH,蓝天燃气,SSE,stock
605369,SH,拱东医疗,SSE,stock
605376,SH,博迁新材,SSE,stock
605377,SH,华旺科技,SSE,stock
605378,SH,野马电池,SSE,stock
605388,SH,均瑶健康,SSE,stock
605389,SH,长龄液压,SSE,stock
605398,SH,新炬网络,SSE,stock
605399,SH,晨光新材,SSE,stock
605488,SH,福莱新材,SSE,stock
605499,SH,东鹏饮料,SSE,stock
605500,SH,森林包装,SSE,stock
605507,SH,国邦医药,SSE,stock
605555,SH,德昌股份,SSE,stock
605566,SH,福莱蒽特,SSE,stock
605567,SH,春雪食品,SSE,stock
605577,SH,龙版传媒,SSE,stock
605580,SH,恒盛能源,SSE,stock
605588,SH,冠石科技,SSE,stock
605589,SH,圣泉集团,SSE,stock
605598,SH,上海港湾,SSE,stock
605599,SH,菜百股份,SSE,stock
